y,x,feature1,feature2,feature3,feature4,feature5,feature6,feature7,feature8,feature9,feature10,feature11,feature12,feature13,feature14,feature15,feature16,feature17,feature18,feature19,feature20,feature21,feature22,feature23,feature24,feature25,feature26,feature27,feature28,feature29,feature30,feature31,feature32,feature33,feature34,feature35,feature36,feature37,feature38,feature39,feature40,feature41,feature42,feature43,feature44,feature45,feature46,feature47,feature48,feature49,feature50,class
40,960,209.43,103.46,166.47,195.85,57.5851,1.1484,2.7691,66.1675,2.0,9.0,4.0,5.0,6.0,4.0,11.0,4.0,3.0,8.0,4.0,8.0,6.0,8.0,11.0,7.0,70.085771,196.98284,105.610123,160.452963,183.720247,511.763039,11.503552,55.0068,529.879269,415.0,380.0,332.0,1098.0,388.0,105.0,722.0,488.0,305.0,697.0,91.0,480.0,1061.0,456.0,547.0,535.0,57.956018,1
50,1170,205.75,106.02,152.86,193.38,75.2675,1.3796,13.3404,85.7756,6.0,7.0,4.0,11.0,4.0,2.0,5.0,6.0,5.0,5.0,1.0,12.0,15.0,8.0,3.0,6.0,67.615771,189.782099,107.078765,156.254815,176.759506,616.637087,18.075277,60.627662,626.84315,366.0,415.0,347.0,1081.0,408.0,112.0,694.0,451.0,334.0,682.0,116.0,541.0,1092.0,463.0,481.0,517.0,50.995277,1
70,240,157.01,106.24,150.01,142.16,164.5899,4.1224,4.8699,160.3344,2.0,3.0,2.0,11.0,3.0,0.0,3.0,2.0,12.0,6.0,1.0,6.0,27.0,14.0,4.0,4.0,16.395771,175.86716,103.841852,161.504198,160.635802,525.297662,10.546718,48.271958,525.195508,263.0,408.0,270.0,1397.0,352.0,98.0,529.0,549.0,272.0,555.0,88.0,608.0,1179.0,475.0,451.0,606.0,34.871574,1
70,860,188.17,108.27,160.81,175.05,468.6811,8.2971,104.4939,472.6075,4.0,6.0,3.0,21.0,4.0,2.0,16.0,8.0,1.0,6.0,2.0,7.0,4.0,1.0,6.0,9.0,49.285771,200.71358,104.70679,160.297778,187.324691,238.747593,4.479584,33.454538,262.032847,317.0,448.0,326.0,1138.0,373.0,101.0,604.0,476.0,316.0,599.0,87.0,569.0,1196.0,487.0,485.0,578.0,61.560463,1
80,1640,177.43,107.76,153.9,164.07,619.3251,2.1024,25.21,664.6651,6.0,2.0,2.0,11.0,6.0,0.0,11.0,4.0,4.0,8.0,1.0,5.0,23.0,5.0,5.0,7.0,38.305771,195.815432,106.507284,158.395432,183.057407,823.989021,13.147478,58.542769,846.253618,336.0,387.0,359.0,1029.0,416.0,93.0,751.0,445.0,356.0,730.0,129.0,526.0,1079.0,472.0,504.0,488.0,57.293179,1
90,1790,164.61,109.51,160.5,150.65,480.6179,2.3299,87.13,484.8275,3.0,4.0,2.0,9.0,5.0,0.0,27.0,12.0,2.0,1.0,1.0,3.0,9.0,3.0,11.0,8.0,24.885771,181.949383,106.270864,157.416543,168.500864,1263.869784,18.279225,79.210689,1253.838394,350.0,381.0,341.0,1110.0,400.0,112.0,701.0,437.0,378.0,728.0,126.0,492.0,1059.0,477.0,491.0,517.0,42.736635,1
100,2940,206.88,132.57,155.59,201.09,332.6856,3.5451,2.9819,392.9819,7.0,7.0,3.0,15.0,2.0,1.0,12.0,5.0,1.0,18.0,2.0,11.0,1.0,4.0,3.0,8.0,75.325771,200.379506,121.514815,152.915309,192.178889,978.043629,110.544102,56.396037,1106.883678,314.0,367.0,369.0,955.0,404.0,96.0,1007.0,476.0,339.0,893.0,105.0,489.0,887.0,418.0,510.0,471.0,66.41466,2
110,600,190.79,102.67,168.85,175.41,126.8859,1.1611,7.0275,147.7619,2.0,5.0,4.0,39.0,3.0,1.0,6.0,10.0,3.0,5.0,0.0,4.0,6.0,2.0,1.0,9.0,49.645771,190.138148,103.661358,161.516543,175.646296,421.091409,7.771371,42.686023,434.579462,287.0,362.0,283.0,1312.0,356.0,92.0,509.0,479.0,291.0,566.0,94.0,499.0,1344.0,497.0,472.0,657.0,49.882067,1
110,2930,213.77,133.79,153.01,208.98,100.3171,1.8459,4.2099,122.3196,4.0,6.0,5.0,5.0,6.0,2.0,12.0,4.0,8.0,4.0,1.0,4.0,13.0,10.0,10.0,6.0,83.215771,204.540988,121.29321,153.746049,196.353457,580.835974,110.945509,48.992916,669.505068,328.0,351.0,355.0,923.0,422.0,94.0,1011.0,477.0,339.0,924.0,107.0,475.0,856.0,441.0,519.0,478.0,70.589228,2
110,2940,219.2,128.34,153.6,213.88,67.92,8.8244,5.12,85.0656,4.0,8.0,2.0,15.0,5.0,0.0,4.0,7.0,6.0,10.0,1.0,12.0,10.0,4.0,7.0,5.0,88.115771,205.486173,123.306543,152.03642,198.041481,649.726105,83.130846,56.366945,767.165934,311.0,360.0,361.0,919.0,419.0,103.0,1012.0,463.0,343.0,895.0,105.0,487.0,886.0,432.0,524.0,480.0,72.277253,2
120,2920,199.18,132.93,154.04,192.75,162.8476,3.4051,14.3784,184.7875,2.0,5.0,3.0,16.0,4.0,2.0,6.0,3.0,4.0,23.0,0.0,12.0,4.0,6.0,3.0,7.0,66.985771,205.885926,119.489383,154.131852,197.251235,463.90674,128.477789,51.831998,534.610832,335.0,360.0,350.0,881.0,427.0,92.0,977.0,465.0,347.0,930.0,107.0,463.0,886.0,478.0,531.0,471.0,71.487006,2
130,1410,187.42,103.35,164.65,172.67,682.0236,9.8075,41.7275,703.5211,4.0,3.0,5.0,33.0,5.0,2.0,7.0,8.0,1.0,0.0,2.0,7.0,12.0,3.0,3.0,5.0,46.905771,193.963333,104.573951,159.595432,180.243086,597.214581,7.908976,47.211263,633.334613,368.0,404.0,371.0,1093.0,372.0,100.0,655.0,428.0,365.0,668.0,118.0,500.0,1136.0,500.0,493.0,529.0,54.478858,1
130,1750,152.11,110.65,153.98,139.05,1284.1379,3.2875,83.0396,1299.0075,2.0,0.0,4.0,13.0,8.0,0.0,15.0,5.0,6.0,4.0,1.0,3.0,20.0,8.0,7.0,4.0,13.285771,176.820494,106.011852,157.186914,163.064938,1364.458889,17.405045,82.445804,1353.638993,359.0,398.0,383.0,1087.0,413.0,91.0,747.0,438.0,360.0,731.0,105.0,464.0,1033.0,486.0,498.0,507.0,37.300709,1
130,2810,188.03,123.15,153.62,179.75,1295.1291,5.7075,10.9356,1429.5075,4.0,8.0,4.0,9.0,0.0,3.0,6.0,5.0,2.0,33.0,4.0,8.0,2.0,5.0,2.0,5.0,53.985771,184.756296,116.237531,149.347037,174.454691,1514.957399,178.709505,114.180429,1614.543256,345.0,390.0,394.0,1022.0,363.0,113.0,830.0,529.0,346.0,881.0,126.0,501.0,896.0,423.0,434.0,507.0,48.690463,2
140,740,199.27,107.67,151.31,187.06,98.5171,2.2811,2.8139,112.8364,3.0,2.0,6.0,16.0,2.0,4.0,7.0,9.0,4.0,2.0,0.0,7.0,19.0,6.0,7.0,6.0,61.295771,189.04321,106.981728,154.346543,176.023827,634.109244,9.985592,58.393612,641.754124,318.0,411.0,309.0,1306.0,397.0,104.0,561.0,435.0,325.0,548.0,89.0,527.0,1264.0,488.0,484.0,534.0,50.259598,1
140,1260,211.14,106.73,156.16,199.55,118.8204,2.9371,12.0144,135.8875,3.0,6.0,4.0,12.0,6.0,0.0,9.0,2.0,4.0,13.0,3.0,7.0,10.0,8.0,8.0,5.0,73.785771,192.766543,106.96358,157.198519,179.95642,761.024387,11.89534,53.487504,799.281681,342.0,420.0,387.0,1121.0,399.0,112.0,700.0,473.0,325.0,673.0,101.0,513.0,1084.0,424.0,516.0,510.0,54.192191,1
150,420,205.6,103.01,170.03,191.31,13.86,1.2099,0.9291,15.6339,3.0,2.0,2.0,18.0,3.0,3.0,6.0,5.0,4.0,12.0,1.0,10.0,6.0,12.0,4.0,9.0,65.545771,187.990741,102.730988,163.03284,172.859259,251.593618,6.789484,37.45102,262.903402,298.0,405.0,272.0,1228.0,364.0,122.0,557.0,478.0,297.0,577.0,97.0,567.0,1118.0,557.0,517.0,646.0,47.09503,1
180,1270,206.73,103.42,157.68,193.39,75.1971,1.8036,6.4976,87.5379,7.0,7.0,4.0,18.0,5.0,0.0,5.0,10.0,3.0,3.0,3.0,7.0,11.0,4.0,4.0,9.0,67.625771,192.070123,107.736543,155.750123,179.507531,738.95533,11.558492,55.70892,773.531919,348.0,412.0,376.0,1054.0,404.0,116.0,732.0,462.0,354.0,710.0,120.0,491.0,1099.0,444.0,473.0,505.0,53.743302,1
180,2930,225.18,130.21,155.71,220.66,80.6876,3.8659,5.0659,95.2644,2.0,5.0,5.0,7.0,8.0,1.0,16.0,6.0,4.0,3.0,1.0,5.0,10.0,8.0,13.0,6.0,94.895771,205.556173,122.104321,148.233457,198.184938,746.685857,67.843315,70.188337,859.549502,306.0,364.0,335.0,868.0,414.0,103.0,943.0,442.0,369.0,976.0,98.0,517.0,871.0,490.0,544.0,460.0,72.420709,2
190,2930,227.13,127.68,158.89,222.14,87.6731,6.9576,9.0379,110.5804,5.0,5.0,3.0,8.0,6.0,3.0,13.0,5.0,7.0,12.0,3.0,6.0,9.0,6.0,2.0,7.0,96.375771,204.254074,122.212469,147.452963,196.879383,766.631743,56.344116,59.618158,891.375698,315.0,385.0,346.0,844.0,401.0,117.0,941.0,432.0,362.0,1005.0,100.0,525.0,839.0,490.0,525.0,473.0,71.115154,2
190,3120,198.2,128.63,155.83,190.88,163.58,8.5531,3.3211,200.1456,6.0,3.0,5.0,11.0,6.0,0.0,9.0,5.0,8.0,5.0,0.0,4.0,16.0,7.0,7.0,8.0,65.115771,169.957778,118.622469,148.60642,159.769012,1279.386119,66.008088,56.489292,1363.086768,313.0,431.0,353.0,900.0,369.0,101.0,775.0,414.0,411.0,979.0,103.0,548.0,894.0,536.0,494.0,479.0,34.004784,2
200,1480,138.62,107.29,153.77,123.87,265.6756,2.1459,8.9371,259.5931,6.0,4.0,8.0,7.0,7.0,1.0,5.0,4.0,3.0,11.0,1.0,4.0,15.0,6.0,7.0,11.0,-1.894229,181.02284,106.519877,156.794568,167.650741,1293.286515,15.823679,81.217304,1308.148759,380.0,421.0,357.0,1091.0,425.0,100.0,674.0,438.0,336.0,709.0,112.0,498.0,1135.0,421.0,489.0,514.0,41.886512,1
200,3140,189.14,120.27,159.18,179.4,412.1404,2.2571,13.2276,451.74,4.0,9.0,4.0,25.0,3.0,1.0,9.0,6.0,6.0,9.0,0.0,6.0,3.0,2.0,4.0,9.0,53.635771,161.181111,116.51284,149.404938,150.016173,1167.710038,64.208847,48.215284,1221.349985,296.0,435.0,378.0,960.0,390.0,101.0,802.0,430.0,421.0,953.0,93.0,524.0,866.0,479.0,494.0,478.0,24.251944,2
200,3170,185.97,120.83,155.32,176.38,402.6691,22.9811,5.3176,482.9956,4.0,5.0,8.0,14.0,5.0,1.0,6.0,2.0,5.0,15.0,2.0,7.0,4.0,9.0,4.0,9.0,50.615771,156.365185,112.154074,150.71679,143.714074,1053.209109,65.627866,53.357076,1063.159234,324.0,455.0,390.0,991.0,384.0,114.0,781.0,445.0,410.0,908.0,92.0,535.0,800.0,472.0,491.0,508.0,17.949845,2
210,3240,164.73,123.79,152.23,155.01,463.7971,4.7659,9.7971,505.2899,5.0,6.0,5.0,7.0,5.0,1.0,5.0,4.0,9.0,21.0,1.0,7.0,7.0,8.0,4.0,5.0,29.245771,119.112963,117.673457,143.599012,108.486173,1321.524647,71.738184,60.92069,1209.938204,344.0,479.0,381.0,990.0,357.0,113.0,818.0,531.0,348.0,916.0,116.0,585.0,673.0,417.0,441.0,591.0,-17.278056,2
230,150,165.94,101.64,157.92,149.26,13.3764,0.4104,0.8136,15.6124,6.0,2.0,4.0,10.0,7.0,7.0,6.0,4.0,1.0,3.0,0.0,6.0,14.0,9.0,8.0,13.0,23.495771,163.867654,102.909012,159.535802,147.856543,460.524213,9.928635,41.14057,430.933247,273.0,368.0,269.0,1081.0,392.0,119.0,649.0,510.0,261.0,592.0,104.0,546.0,1193.0,502.0,579.0,662.0,22.092314,1
240,4370,211.7,127.14,170.47,203.97,406.35,3.6204,9.5691,482.8691,5.0,7.0,3.0,19.0,5.0,1.0,9.0,5.0,1.0,19.0,2.0,13.0,2.0,2.0,6.0,1.0,78.205771,167.364198,117.769506,154.980988,156.236667,971.301681,73.836379,65.467293,1007.172754,267.0,399.0,313.0,768.0,392.0,81.0,1352.0,487.0,284.0,1214.0,80.0,554.0,544.0,347.0,513.0,505.0,30.472438,2
250,4360,204.72,131.96,163.74,197.68,56.2616,1.9584,2.3124,66.2976,7.0,2.0,2.0,1.0,9.0,2.0,17.0,3.0,3.0,7.0,0.0,7.0,15.0,7.0,7.0,11.0,71.915771,174.590988,117.344074,156.558765,163.43963,786.846413,83.876057,67.09988,811.693763,275.0,404.0,300.0,748.0,408.0,79.0,1326.0,489.0,296.0,1161.0,92.0,545.0,574.0,371.0,537.0,495.0,37.675401,2
250,4370,209.18,131.64,167.06,202.11,68.2076,1.2504,3.3764,82.5979,4.0,7.0,4.0,16.0,2.0,1.0,7.0,3.0,5.0,17.0,3.0,7.0,5.0,4.0,10.0,5.0,76.345771,171.062469,118.819753,155.016296,160.29716,869.437085,67.47961,64.434549,902.538733,274.0,412.0,312.0,750.0,386.0,78.0,1312.0,505.0,282.0,1225.0,91.0,551.0,547.0,360.0,499.0,516.0,34.532932,2
260,370,182.73,103.3,155.62,167.86,87.2771,0.41,2.1756,98.7004,4.0,5.0,4.0,16.0,4.0,2.0,8.0,3.0,5.0,12.0,0.0,11.0,8.0,5.0,3.0,10.0,42.095771,179.983333,103.386667,160.248395,164.847654,435.971944,6.577649,39.13188,442.834569,281.0,410.0,285.0,1288.0,375.0,114.0,548.0,510.0,304.0,599.0,79.0,580.0,1114.0,505.0,499.0,609.0,39.083426,1
260,1070,179.13,109.73,150.05,166.39,283.7131,2.3571,5.0675,313.6979,6.0,10.0,5.0,13.0,6.0,0.0,5.0,8.0,6.0,2.0,0.0,5.0,17.0,5.0,5.0,7.0,40.625771,184.493457,106.897531,156.140741,171.407654,1177.927241,19.439624,87.780439,1159.036287,374.0,430.0,358.0,1186.0,385.0,109.0,597.0,439.0,340.0,627.0,79.0,528.0,1195.0,430.0,468.0,555.0,45.643426,1
260,1260,171.96,107.14,148.99,158.06,317.1384,2.9204,16.5899,331.0764,3.0,4.0,3.0,8.0,2.0,3.0,1.0,0.0,9.0,23.0,1.0,4.0,13.0,12.0,5.0,9.0,32.295771,190.000617,105.558889,159.204074,176.390494,701.046049,11.426285,61.226378,727.26986,387.0,395.0,373.0,1035.0,413.0,119.0,765.0,470.0,365.0,714.0,104.0,464.0,1010.0,452.0,503.0,531.0,50.626265,1
260,4360,203.78,131.14,161.98,196.77,46.4516,0.5404,1.6596,54.4971,2.0,0.0,2.0,6.0,7.0,1.0,18.0,8.0,4.0,5.0,3.0,2.0,15.0,4.0,12.0,11.0,71.005771,178.190988,117.89963,156.916543,167.218025,596.6634,83.975975,64.690566,625.01049,283.0,407.0,302.0,714.0,419.0,75.0,1295.0,486.0,296.0,1148.0,92.0,540.0,578.0,397.0,554.0,514.0,41.453796,2
260,4370,204.45,129.33,162.5,197.35,385.6675,2.0811,11.79,439.7275,4.0,5.0,4.0,15.0,6.0,1.0,10.0,4.0,3.0,24.0,0.0,6.0,3.0,4.0,6.0,5.0,71.585771,175.171481,119.373333,155.261975,164.594568,668.873927,65.390499,62.651369,702.17365,284.0,418.0,313.0,724.0,391.0,74.0,1271.0,494.0,282.0,1210.0,92.0,556.0,556.0,389.0,515.0,531.0,38.830339,2
270,4360,202.44,130.87,159.94,195.41,76.6464,0.4931,2.4564,87.8419,1.0,2.0,4.0,7.0,8.0,2.0,18.0,6.0,4.0,15.0,2.0,7.0,8.0,7.0,3.0,6.0,69.645771,180.778148,117.921728,156.945556,169.848765,449.767695,83.407701,67.440616,480.439968,288.0,399.0,308.0,680.0,436.0,73.0,1269.0,489.0,297.0,1124.0,91.0,554.0,600.0,404.0,568.0,520.0,44.084537,2
270,4370,176.21,130.46,153.95,167.98,422.5859,1.3284,30.9275,457.9996,3.0,12.0,3.0,16.0,2.0,0.0,3.0,7.0,3.0,23.0,0.0,20.0,4.0,0.0,1.0,3.0,42.215771,178.234321,119.350988,155.22716,167.699136,509.080896,64.916437,66.160744,542.611333,290.0,408.0,316.0,705.0,410.0,74.0,1243.0,501.0,286.0,1171.0,89.0,567.0,575.0,395.0,534.0,536.0,41.934907,2
280,1020,166.4,106.63,155.86,152.27,1064.48,25.9731,98.5404,1025.2571,3.0,4.0,5.0,29.0,2.0,0.0,9.0,10.0,2.0,4.0,1.0,5.0,14.0,1.0,6.0,5.0,26.505771,190.208765,105.964198,157.561975,176.78321,634.328639,11.832298,62.146406,653.174484,391.0,422.0,353.0,1171.0,356.0,120.0,594.0,468.0,366.0,660.0,88.0,509.0,1139.0,467.0,473.0,523.0,51.018981,1
280,4360,191.33,129.57,157.21,183.52,176.9211,0.5851,0.8059,205.7496,2.0,12.0,3.0,11.0,2.0,1.0,11.0,2.0,2.0,25.0,1.0,12.0,2.0,4.0,4.0,6.0,57.755771,182.069753,117.872593,155.999506,171.220617,390.248838,81.502039,73.322963,419.118612,288.0,407.0,301.0,660.0,440.0,73.0,1211.0,470.0,305.0,1144.0,92.0,559.0,612.0,433.0,589.0,516.0,45.456388,2
290,4350,190.77,127.76,152.93,182.85,95.9371,0.8224,6.3851,112.5475,4.0,8.0,5.0,7.0,4.0,0.0,10.0,6.0,4.0,14.0,4.0,4.0,11.0,5.0,6.0,8.0,57.085771,182.064691,116.61642,155.783086,170.907407,364.875074,87.729039,72.705911,397.246241,287.0,411.0,295.0,600.0,462.0,90.0,1179.0,450.0,312.0,1147.0,103.0,528.0,672.0,456.0,598.0,510.0,45.143179,2
290,4360,195.47,129.33,153.91,188.15,100.4491,0.9411,3.3219,115.4875,3.0,6.0,5.0,2.0,2.0,0.0,25.0,5.0,4.0,12.0,2.0,6.0,9.0,4.0,8.0,7.0,62.385771,182.094444,117.885802,154.593086,171.348642,354.166265,74.635971,74.157384,376.113757,288.0,424.0,299.0,640.0,443.0,83.0,1159.0,461.0,307.0,1210.0,95.0,561.0,609.0,445.0,564.0,512.0,45.584413,2
320,940,199.7,103.06,171.5,185.03,280.41,1.6564,5.45,318.8891,2.0,3.0,11.0,11.0,3.0,1.0,20.0,13.0,3.0,12.0,1.0,5.0,7.0,0.0,3.0,5.0,59.265771,194.353704,104.909136,159.231481,180.727037,501.795264,9.310015,56.988021,526.885368,391.0,446.0,322.0,1156.0,422.0,115.0,555.0,432.0,338.0,630.0,105.0,530.0,1157.0,438.0,471.0,592.0,54.962808,1
340,120,138.75,107.78,155.5,124.19,732.0275,9.0716,87.55,669.9139,5.0,2.0,4.0,37.0,3.0,0.0,14.0,10.0,1.0,3.0,1.0,7.0,2.0,2.0,3.0,6.0,-1.574229,161.517284,102.465185,160.480741,145.343827,706.416368,12.96385,72.160493,659.027832,278.0,407.0,285.0,1363.0,371.0,104.0,583.0,468.0,291.0,535.0,96.0,545.0,1169.0,507.0,501.0,597.0,19.579598,1
350,2310,217.37,130.72,158.55,211.87,83.1731,7.0016,3.4275,100.8731,6.0,7.0,3.0,6.0,6.0,2.0,9.0,8.0,8.0,9.0,2.0,7.0,10.0,9.0,4.0,4.0,86.105771,198.092346,120.743951,149.008642,189.589136,752.318633,130.867525,101.026345,865.594894,365.0,406.0,340.0,784.0,398.0,132.0,743.0,412.0,393.0,952.0,127.0,546.0,877.0,560.0,493.0,572.0,63.824907,2
370,680,193.08,103.11,167.26,178.1,169.4336,2.1579,11.7124,189.25,6.0,7.0,3.0,14.0,5.0,1.0,14.0,4.0,2.0,8.0,1.0,6.0,14.0,8.0,2.0,5.0,52.335771,170.606667,107.578889,154.604321,157.547778,1955.754178,38.982542,117.764549,1834.268952,326.0,444.0,289.0,1205.0,391.0,94.0,647.0,415.0,306.0,701.0,97.0,550.0,1270.0,387.0,476.0,502.0,31.783549,1
400,2230,220.45,127.84,158.62,214.7,294.5275,23.9344,9.2756,338.51,5.0,3.0,5.0,17.0,7.0,0.0,20.0,7.0,4.0,7.0,2.0,1.0,12.0,3.0,4.0,3.0,88.935771,207.222593,123.840988,145.123951,200.616173,954.420453,84.641382,83.875254,1109.270084,357.0,422.0,345.0,969.0,344.0,103.0,736.0,444.0,348.0,929.0,120.0,600.0,845.0,524.0,468.0,546.0,74.851944,2
400,2350,208.11,129.78,154.07,202.0,152.7379,9.2716,3.0251,181.2,4.0,6.0,6.0,14.0,8.0,1.0,11.0,8.0,3.0,5.0,2.0,4.0,7.0,7.0,8.0,6.0,76.235771,186.321605,114.411358,154.051728,175.19284,507.127805,62.516957,16.373744,608.275159,394.0,378.0,373.0,795.0,462.0,125.0,845.0,459.0,412.0,800.0,107.0,506.0,841.0,492.0,580.0,531.0,49.428611,2
410,2350,195.37,128.63,153.12,188.04,181.0331,23.9131,2.2856,218.5384,4.0,2.0,8.0,6.0,2.0,1.0,11.0,4.0,6.0,20.0,1.0,4.0,10.0,8.0,9.0,4.0,62.275771,185.37284,113.443086,154.595926,173.884815,485.002966,59.897872,17.677341,576.180436,388.0,387.0,377.0,780.0,459.0,117.0,868.0,465.0,413.0,819.0,104.0,509.0,829.0,478.0,576.0,531.0,48.120586,2
420,220,183.19,100.41,165.79,166.67,15.4139,0.7619,1.1859,17.5411,5.0,8.0,1.0,9.0,3.0,1.0,2.0,6.0,6.0,8.0,2.0,14.0,7.0,14.0,2.0,12.0,40.905771,168.110864,102.765309,160.362593,152.208519,489.063759,7.660352,35.872848,476.023063,297.0,422.0,280.0,1180.0,402.0,131.0,547.0,493.0,292.0,588.0,85.0,572.0,1220.0,487.0,515.0,589.0,26.44429,1
420,790,139.93,110.14,144.07,126.56,729.8251,12.3204,27.5051,679.8264,4.0,0.0,1.0,9.0,7.0,0.0,2.0,0.0,5.0,10.0,0.0,5.0,38.0,11.0,4.0,4.0,0.795771,185.028395,106.049383,158.471728,171.503086,1004.681169,13.87287,60.365003,1014.070237,388.0,451.0,324.0,1323.0,426.0,115.0,466.0,415.0,301.0,503.0,92.0,518.0,1324.0,439.0,478.0,537.0,45.738858,1
450,540,196.32,102.28,161.65,181.61,58.8776,1.4816,2.6875,67.0179,4.0,4.0,4.0,16.0,5.0,1.0,2.0,7.0,5.0,5.0,2.0,8.0,13.0,3.0,9.0,12.0,55.845771,181.976296,104.332469,161.356296,167.432963,858.51771,11.496254,78.43725,875.983778,338.0,411.0,296.0,1383.0,408.0,104.0,464.0,413.0,341.0,608.0,82.0,501.0,1371.0,435.0,454.0,491.0,41.668734,1
470,740,187.88,106.51,153.22,174.61,471.9856,2.3699,8.8716,502.5379,6.0,6.0,3.0,8.0,3.0,1.0,10.0,5.0,6.0,9.0,1.0,3.0,19.0,7.0,6.0,7.0,48.845771,185.340617,105.811728,158.795802,171.759753,997.571017,11.46369,55.460773,1007.610676,351.0,463.0,311.0,1266.0,435.0,95.0,560.0,423.0,327.0,570.0,92.0,514.0,1283.0,425.0,477.0,508.0,45.995524,1
470,760,197.34,104.48,158.52,183.65,239.7844,3.3096,14.6696,265.4875,3.0,9.0,3.0,18.0,3.0,1.0,10.0,6.0,3.0,6.0,1.0,8.0,8.0,7.0,10.0,4.0,57.885771,183.907407,106.260864,158.323086,170.516914,1180.054143,12.29158,64.596973,1184.2028,370.0,451.0,322.0,1345.0,435.0,95.0,514.0,415.0,305.0,501.0,85.0,514.0,1325.0,424.0,474.0,525.0,44.752685,1
470,1300,194.53,107.24,155.71,181.81,241.6891,4.1824,5.4059,270.6539,4.0,5.0,3.0,8.0,9.0,2.0,13.0,5.0,3.0,3.0,2.0,4.0,18.0,5.0,10.0,6.0,56.045771,192.31642,106.120864,157.064198,179.192222,731.161483,15.048231,47.597113,751.580952,386.0,406.0,333.0,1018.0,425.0,108.0,674.0,405.0,380.0,716.0,120.0,478.0,1140.0,477.0,503.0,531.0,53.427993,1
480,2440,227.65,128.1,159.1,222.73,72.1275,1.91,6.55,85.6171,7.0,7.0,4.0,1.0,8.0,2.0,13.0,7.0,5.0,8.0,3.0,10.0,8.0,8.0,4.0,5.0,96.965771,189.983086,119.627778,150.046914,180.648765,692.096628,88.842562,47.213108,816.604165,358.0,373.0,423.0,894.0,406.0,130.0,870.0,471.0,378.0,733.0,121.0,492.0,895.0,462.0,522.0,572.0,54.884537,2
490,2440,220.87,129.28,159.82,215.32,80.6331,1.1216,4.4876,97.5376,4.0,3.0,3.0,4.0,8.0,0.0,11.0,4.0,7.0,13.0,1.0,6.0,9.0,11.0,8.0,8.0,89.555771,192.081852,119.974691,149.641728,183.005062,691.251202,85.14368,49.464728,809.752197,347.0,387.0,409.0,885.0,403.0,124.0,897.0,479.0,374.0,774.0,117.0,480.0,880.0,473.0,524.0,547.0,57.240833,2
490,2450,218.96,125.88,157.73,212.96,332.4584,4.1256,7.2171,407.0184,6.0,6.0,3.0,30.0,5.0,1.0,3.0,2.0,5.0,7.0,3.0,6.0,7.0,5.0,4.0,7.0,87.195771,194.354938,122.291235,147.75321,186.141975,671.840068,61.003701,42.009588,809.275645,340.0,374.0,404.0,849.0,416.0,123.0,923.0,490.0,369.0,787.0,119.0,472.0,870.0,466.0,535.0,563.0,60.377746,2
500,1320,181.03,106.79,161.14,167.44,1014.5491,9.0459,34.0604,1035.9864,3.0,6.0,7.0,26.0,4.0,1.0,1.0,6.0,1.0,3.0,0.0,4.0,23.0,5.0,5.0,5.0,41.675771,177.985802,107.291481,156.162963,164.614691,1126.192514,19.368989,72.452949,1138.272895,368.0,425.0,359.0,1054.0,414.0,104.0,635.0,438.0,387.0,675.0,109.0,465.0,1189.0,474.0,461.0,543.0,38.850463,1
520,2360,196.02,129.26,161.28,188.57,1107.2396,31.9324,39.7816,1212.7451,6.0,6.0,4.0,25.0,9.0,1.0,12.0,8.0,1.0,1.0,2.0,5.0,3.0,2.0,8.0,7.0,62.805771,176.902346,111.383704,153.318519,164.602716,1312.644661,141.825117,106.331139,1326.112042,408.0,379.0,375.0,923.0,417.0,123.0,751.0,430.0,387.0,827.0,117.0,475.0,956.0,489.0,518.0,525.0,38.838487,2
520,3740,191.27,131.94,158.54,183.72,108.4371,2.3364,0.9884,126.1016,2.0,4.0,4.0,10.0,5.0,2.0,15.0,7.0,5.0,6.0,4.0,2.0,14.0,6.0,8.0,6.0,57.955771,166.53,119.704938,152.748519,155.993457,1127.485396,82.172692,67.768979,1210.744772,292.0,403.0,351.0,785.0,417.0,88.0,1144.0,465.0,363.0,1017.0,93.0,458.0,742.0,450.0,530.0,502.0,30.229228,2
520,3750,198.81,133.66,160.86,191.7,55.2539,3.1644,1.0804,66.27,5.0,4.0,5.0,6.0,4.0,0.0,24.0,12.0,4.0,11.0,1.0,4.0,1.0,7.0,5.0,7.0,65.935771,165.102469,120.07284,152.159506,154.696543,1175.705056,74.073954,62.885175,1257.169149,304.0,411.0,340.0,800.0,404.0,87.0,1141.0,456.0,361.0,1040.0,94.0,468.0,721.0,447.0,522.0,504.0,28.932314,2
520,3760,210.67,133.89,164.17,204.38,62.0211,1.6579,2.7611,73.8156,9.0,2.0,3.0,10.0,3.0,1.0,16.0,10.0,3.0,11.0,0.0,2.0,10.0,10.0,5.0,5.0,78.615771,162.82963,120.231358,151.477778,152.445679,1183.538628,67.676844,58.490988,1276.560876,301.0,407.0,339.0,802.0,403.0,83.0,1188.0,447.0,346.0,1066.0,96.0,474.0,711.0,436.0,504.0,497.0,26.68145,2
530,2360,211.37,125.27,160.64,204.11,204.1331,41.6371,8.7904,245.0979,6.0,5.0,5.0,6.0,5.0,2.0,7.0,2.0,7.0,15.0,2.0,5.0,12.0,11.0,3.0,7.0,78.345771,176.149259,110.376667,153.737531,163.623951,1557.352413,151.38269,120.931851,1543.411426,401.0,368.0,387.0,927.0,415.0,121.0,777.0,428.0,378.0,834.0,120.0,462.0,954.0,486.0,524.0,518.0,37.859722,2
530,3740,191.7,130.77,154.44,184.39,183.69,2.0971,5.5064,213.2179,4.0,3.0,5.0,6.0,8.0,1.0,11.0,5.0,6.0,14.0,0.0,3.0,13.0,6.0,6.0,9.0,58.625771,169.501605,120.918765,153.943704,159.263457,1100.695923,81.183277,73.487942,1189.421949,297.0,389.0,363.0,788.0,427.0,86.0,1161.0,477.0,356.0,962.0,101.0,464.0,748.0,442.0,541.0,498.0,33.499228,2
530,3750,199.02,133.38,160.3,191.99,94.7396,0.8756,1.95,110.9499,6.0,4.0,2.0,5.0,5.0,1.0,21.0,6.0,7.0,7.0,2.0,7.0,7.0,4.0,7.0,9.0,66.225771,168.904938,121.33321,153.275185,158.79358,1075.146519,70.434774,66.42489,1170.496897,306.0,399.0,348.0,790.0,416.0,86.0,1175.0,470.0,357.0,994.0,100.0,469.0,721.0,439.0,533.0,497.0,33.029351,2
530,3760,212.18,133.68,163.17,206.12,81.4676,1.4976,2.6811,96.8856,2.0,7.0,5.0,4.0,5.0,0.0,18.0,2.0,6.0,12.0,2.0,5.0,4.0,12.0,9.0,7.0,80.355771,167.340123,121.539753,152.462593,157.274691,1059.586415,62.383728,61.258724,1166.542693,304.0,406.0,346.0,796.0,415.0,82.0,1209.0,465.0,336.0,1024.0,100.0,477.0,711.0,426.0,518.0,485.0,31.510463,2
530,3770,207.92,130.59,164.0,200.91,288.8136,4.9819,11.24,348.1019,5.0,4.0,5.0,14.0,3.0,1.0,8.0,7.0,5.0,7.0,3.0,8.0,16.0,6.0,5.0,3.0,75.145771,165.567037,121.017654,151.967901,155.358889,1092.950691,63.554133,59.115266,1207.765149,315.0,423.0,346.0,821.0,388.0,81.0,1217.0,459.0,338.0,1039.0,100.0,491.0,677.0,430.0,507.0,468.0,29.59466,2
540,310,160.92,106.41,158.36,146.41,871.4336,8.6619,26.4104,856.6019,3.0,2.0,3.0,8.0,13.0,0.0,14.0,7.0,1.0,2.0,3.0,2.0,20.0,1.0,17.0,4.0,20.645771,169.821235,103.863086,158.393951,154.610741,781.557673,11.303847,68.070358,761.995267,310.0,395.0,285.0,1398.0,350.0,102.0,539.0,452.0,315.0,592.0,74.0,528.0,1330.0,440.0,490.0,500.0,28.846512,1
540,3750,200.63,133.36,160.25,193.8,147.4331,4.6304,5.1275,171.68,6.0,2.0,2.0,9.0,5.0,5.0,13.0,7.0,3.0,10.0,1.0,5.0,14.0,3.0,7.0,8.0,68.035771,173.995432,122.661975,154.531235,164.281111,978.568004,65.071418,64.283592,1079.797643,312.0,406.0,351.0,790.0,423.0,87.0,1169.0,465.0,350.0,959.0,105.0,464.0,739.0,431.0,538.0,511.0,38.516882,2
540,3760,208.13,134.78,162.88,201.93,133.8331,1.5316,1.6456,159.0651,4.0,4.0,1.0,0.0,5.0,0.0,10.0,6.0,7.0,18.0,0.0,5.0,16.0,7.0,11.0,6.0,76.165771,173.117037,122.86716,153.669012,163.447284,926.031488,56.576675,59.948842,1037.751172,318.0,405.0,348.0,784.0,423.0,85.0,1194.0,457.0,331.0,1006.0,106.0,470.0,729.0,425.0,515.0,504.0,37.683055,2
540,3770,197.2,129.59,161.86,189.43,222.8,11.0419,5.2404,268.5651,2.0,6.0,4.0,18.0,4.0,0.0,4.0,3.0,8.0,17.0,2.0,7.0,13.0,8.0,1.0,3.0,63.665771,171.700988,122.261728,153.01716,161.863951,942.108122,60.333967,58.406496,1063.489145,330.0,416.0,342.0,795.0,396.0,86.0,1207.0,447.0,336.0,1032.0,106.0,488.0,694.0,428.0,507.0,490.0,36.099722,2
550,3760,194.45,130.35,161.24,186.67,316.9875,3.7275,2.9824,360.3811,4.0,6.0,5.0,17.0,3.0,2.0,6.0,2.0,4.0,19.0,4.0,7.0,6.0,5.0,7.0,3.0,60.905771,177.514198,123.944321,154.157037,168.200741,800.521156,50.925171,57.118796,907.478222,328.0,393.0,339.0,742.0,418.0,83.0,1177.0,446.0,344.0,1077.0,107.0,463.0,715.0,450.0,515.0,503.0,42.436512,2
550,3770,201.83,130.85,161.41,194.66,246.1411,3.2875,10.4619,287.3244,3.0,4.0,3.0,12.0,7.0,1.0,20.0,5.0,4.0,8.0,1.0,4.0,11.0,4.0,7.0,6.0,68.895771,176.234568,123.145802,153.417901,166.69358,800.087941,58.611458,56.767951,918.454502,339.0,401.0,340.0,756.0,402.0,87.0,1157.0,431.0,349.0,1086.0,109.0,486.0,705.0,451.0,514.0,487.0,40.929351,2
560,770,188.04,106.63,157.11,174.5,186.3584,2.6731,14.7179,214.23,4.0,8.0,5.0,10.0,6.0,2.0,11.0,3.0,3.0,10.0,1.0,8.0,6.0,7.0,7.0,9.0,48.735771,190.711235,104.967284,158.859753,176.983333,657.31575,7.654115,42.941318,684.638117,405.0,424.0,306.0,1205.0,439.0,111.0,536.0,425.0,341.0,560.0,85.0,517.0,1239.0,455.0,513.0,539.0,51.219105,1
560,950,174.22,104.02,164.66,159.04,987.2716,9.7796,31.0244,1004.0784,5.0,1.0,6.0,22.0,3.0,2.0,21.0,10.0,3.0,6.0,0.0,5.0,4.0,3.0,2.0,7.0,33.275771,185.931728,104.819383,158.428272,171.932469,813.684104,12.008735,58.567818,839.167415,417.0,412.0,320.0,1203.0,421.0,112.0,553.0,407.0,352.0,608.0,106.0,504.0,1278.0,429.0,454.0,524.0,46.16824,1
560,3770,212.55,131.2,163.29,206.23,188.2875,5.7,13.9859,212.1771,4.0,5.0,4.0,5.0,5.0,1.0,17.0,2.0,6.0,9.0,0.0,4.0,12.0,7.0,11.0,8.0,80.465771,179.204321,123.11,153.033951,169.77716,709.325537,59.304814,58.685884,821.306268,340.0,416.0,344.0,738.0,403.0,96.0,1156.0,430.0,349.0,1098.0,106.0,484.0,689.0,449.0,505.0,497.0,44.012932,2
560,3780,184.82,124.53,162.74,175.44,849.6276,15.4291,57.3524,954.9264,3.0,6.0,5.0,29.0,2.0,1.0,14.0,9.0,2.0,8.0,0.0,7.0,4.0,3.0,3.0,4.0,49.675771,176.546543,121.641728,152.11679,166.702346,768.052278,68.824975,62.594508,887.338686,331.0,403.0,353.0,741.0,411.0,100.0,1184.0,438.0,346.0,1097.0,100.0,477.0,689.0,440.0,504.0,486.0,40.938117,2
570,200,176.54,106.27,156.18,162.39,312.3284,4.1171,40.3876,313.7979,5.0,4.0,4.0,21.0,3.0,1.0,15.0,5.0,1.0,3.0,2.0,4.0,11.0,2.0,16.0,3.0,36.625771,165.487037,103.986543,156.831605,150.231111,791.226375,11.756239,59.027446,758.885106,287.0,446.0,279.0,1203.0,386.0,133.0,558.0,434.0,292.0,670.0,101.0,565.0,1235.0,474.0,493.0,544.0,24.466882,1
570,3770,213.76,131.69,164.96,207.4,90.1624,2.2539,2.7784,107.0,2.0,4.0,5.0,4.0,7.0,1.0,15.0,6.0,6.0,6.0,2.0,8.0,10.0,7.0,9.0,8.0,81.635771,180.99963,122.600247,152.237654,171.56,590.179629,55.754272,56.511545,689.011832,354.0,419.0,335.0,684.0,405.0,107.0,1110.0,414.0,357.0,1134.0,105.0,500.0,710.0,447.0,505.0,514.0,45.795771,2
570,3780,195.81,126.43,157.52,187.98,613.8339,12.2651,35.9096,713.3396,4.0,10.0,5.0,13.0,3.0,0.0,6.0,4.0,3.0,21.0,2.0,7.0,9.0,4.0,6.0,3.0,62.215771,178.666543,121.205926,151.374444,168.833333,650.119547,63.930187,59.326335,757.436667,344.0,408.0,345.0,688.0,408.0,109.0,1141.0,411.0,355.0,1140.0,100.0,495.0,707.0,437.0,504.0,508.0,43.069105,2
580,1020,168.59,107.05,148.73,154.98,1107.3419,9.4675,27.4571,1117.3996,5.0,9.0,3.0,9.0,6.0,0.0,6.0,2.0,4.0,21.0,0.0,5.0,14.0,6.0,2.0,8.0,29.215771,184.031235,105.339506,158.058519,170.205309,1000.577419,15.688192,63.76744,1007.48933,426.0,411.0,337.0,1153.0,473.0,112.0,579.0,397.0,333.0,602.0,100.0,481.0,1199.0,421.0,522.0,554.0,44.44108,1
580,3750,197.06,130.27,160.48,189.43,120.7564,1.6171,3.1096,142.1451,3.0,6.0,4.0,11.0,5.0,0.0,10.0,5.0,4.0,16.0,4.0,8.0,13.0,4.0,3.0,4.0,63.665771,185.461605,122.699012,153.458889,176.193457,438.190254,51.395085,59.477199,503.003439,362.0,430.0,336.0,685.0,396.0,96.0,1059.0,421.0,364.0,1139.0,101.0,506.0,694.0,470.0,510.0,531.0,50.429228,2
580,3760,196.55,131.28,160.09,189.11,220.6675,0.5416,2.2219,255.5579,6.0,4.0,3.0,7.0,4.0,0.0,14.0,4.0,3.0,8.0,0.0,7.0,19.0,7.0,7.0,7.0,63.345771,183.31284,122.962716,152.138889,174.095926,489.419168,42.484783,57.201327,564.474872,359.0,426.0,341.0,670.0,403.0,101.0,1098.0,413.0,353.0,1168.0,97.0,501.0,686.0,459.0,493.0,532.0,48.331697,2
580,3770,209.31,130.78,159.99,202.95,109.4339,2.0116,6.5099,127.8275,3.0,5.0,3.0,3.0,6.0,2.0,9.0,3.0,4.0,17.0,1.0,6.0,17.0,8.0,7.0,6.0,77.185771,181.776667,122.121358,151.363086,172.323827,528.156172,49.970334,54.428786,613.682914,366.0,428.0,341.0,700.0,405.0,104.0,1067.0,412.0,345.0,1148.0,100.0,514.0,704.0,447.0,497.0,522.0,46.559598,2
580,3780,200.6,125.33,153.08,193.14,273.84,4.6411,26.9736,320.3004,7.0,7.0,3.0,18.0,4.0,1.0,11.0,6.0,2.0,7.0,2.0,10.0,8.0,3.0,7.0,4.0,67.375771,179.665802,120.942222,150.56,169.871852,578.320287,56.491723,55.501956,670.367776,353.0,419.0,354.0,702.0,413.0,107.0,1093.0,416.0,346.0,1149.0,97.0,506.0,696.0,433.0,501.0,515.0,44.107623,2
590,1040,132.99,113.43,143.84,120.68,661.0499,3.5651,19.2944,635.6776,6.0,3.0,2.0,24.0,6.0,0.0,7.0,2.0,4.0,12.0,0.0,6.0,13.0,3.0,4.0,8.0,-5.084229,185.282346,105.302963,157.732222,171.525062,961.984355,15.723028,57.442246,965.121224,430.0,425.0,334.0,1132.0,487.0,114.0,549.0,386.0,356.0,619.0,105.0,487.0,1150.0,435.0,530.0,561.0,45.760833,1
610,580,152.95,108.25,154.96,138.64,506.4875,10.7075,59.3184,486.6104,5.0,6.0,1.0,6.0,6.0,1.0,7.0,4.0,6.0,4.0,0.0,0.0,23.0,7.0,14.0,10.0,12.875771,183.081975,105.377284,160.704321,169.142963,1145.906366,23.33741,85.960846,1135.740549,367.0,450.0,303.0,1335.0,432.0,116.0,544.0,424.0,296.0,634.0,100.0,495.0,1172.0,415.0,503.0,514.0,43.378734,1
620,2100,192.66,128.19,153.82,184.99,304.0444,18.1539,2.4476,359.6499,4.0,8.0,8.0,15.0,3.0,2.0,6.0,5.0,5.0,5.0,2.0,8.0,11.0,7.0,5.0,6.0,59.225771,165.455556,116.354444,148.207531,154.15963,935.368272,101.149801,47.183227,932.400568,407.0,411.0,371.0,815.0,406.0,125.0,815.0,429.0,416.0,823.0,136.0,510.0,898.0,481.0,502.0,555.0,28.395401,2
630,4150,172.03,124.98,157.99,162.23,557.0691,32.3596,9.5699,610.7971,5.0,6.0,5.0,18.0,5.0,1.0,11.0,8.0,4.0,10.0,0.0,7.0,7.0,3.0,7.0,3.0,36.465771,164.19963,112.729506,153.071852,152.14321,1535.598049,61.645228,51.998294,1641.766651,323.0,415.0,333.0,728.0,417.0,106.0,1140.0,428.0,330.0,998.0,89.0,501.0,841.0,440.0,516.0,495.0,26.378981,2
650,2280,191.88,115.18,165.76,180.11,263.7456,101.9676,16.5624,355.5379,5.0,5.0,2.0,14.0,7.0,3.0,8.0,4.0,6.0,12.0,0.0,8.0,7.0,4.0,4.0,11.0,54.345771,165.878642,109.049136,153.328025,152.208395,918.738482,115.805734,112.734992,880.215831,410.0,432.0,382.0,833.0,421.0,120.0,802.0,454.0,430.0,824.0,136.0,520.0,793.0,492.0,483.0,568.0,26.444166,2
660,2280,162.56,111.41,154.78,149.61,869.3864,51.0819,28.7916,942.6179,3.0,6.0,6.0,15.0,3.0,0.0,7.0,8.0,3.0,11.0,0.0,7.0,17.0,5.0,2.0,7.0,23.845771,164.531358,108.641852,154.351111,150.60642,834.261362,109.348643,108.797709,798.000897,411.0,447.0,364.0,787.0,430.0,130.0,783.0,437.0,445.0,825.0,132.0,548.0,803.0,500.0,478.0,580.0,24.842191,2
680,450,219.71,98.6,177.64,204.7,64.8659,1.58,1.8704,79.59,5.0,8.0,4.0,27.0,4.0,2.0,0.0,4.0,1.0,10.0,2.0,14.0,8.0,3.0,3.0,5.0,78.935771,175.540988,106.037407,157.283704,161.588519,1096.120172,15.44786,80.596796,1085.934016,331.0,407.0,298.0,1254.0,387.0,97.0,655.0,417.0,319.0,664.0,91.0,498.0,1288.0,424.0,507.0,463.0,35.82429,1
680,670,201.36,102.7,162.28,187.21,172.1904,1.01,0.8616,204.1659,8.0,4.0,3.0,25.0,6.0,0.0,1.0,5.0,3.0,5.0,1.0,2.0,20.0,7.0,2.0,8.0,61.445771,184.215556,105.665185,157.846296,170.60284,1092.526128,10.438516,66.220202,1105.33251,393.0,447.0,301.0,1247.0,417.0,108.0,514.0,386.0,342.0,580.0,92.0,501.0,1292.0,452.0,480.0,548.0,44.838611,1
720,330,202.46,104.29,164.22,188.8,180.4484,2.1259,15.7316,200.28,4.0,9.0,4.0,28.0,3.0,1.0,2.0,1.0,5.0,6.0,0.0,14.0,9.0,6.0,2.0,6.0,63.035771,174.200741,106.216173,156.080864,160.350617,1208.638222,17.072158,87.764449,1184.148919,317.0,453.0,316.0,1193.0,412.0,126.0,602.0,423.0,312.0,668.0,108.0,536.0,1183.0,442.0,506.0,503.0,34.586388,1
750,340,146.29,107.15,146.03,131.95,773.4459,15.1675,40.8091,715.8075,2.0,5.0,3.0,23.0,4.0,1.0,0.0,4.0,5.0,16.0,1.0,10.0,10.0,4.0,6.0,6.0,6.185771,177.946914,105.477654,158.863704,163.815679,1027.201379,13.080365,68.534016,1026.211828,344.0,452.0,342.0,1186.0,435.0,125.0,658.0,437.0,280.0,667.0,93.0,542.0,1120.0,409.0,514.0,496.0,38.05145,1
770,670,204.2,108.1,159.73,192.33,302.54,1.35,8.8371,344.2411,1.0,9.0,3.0,27.0,5.0,3.0,5.0,3.0,3.0,7.0,1.0,10.0,11.0,5.0,3.0,4.0,66.565771,171.984568,107.188272,156.006914,158.607531,1605.033712,15.771838,94.525137,1581.597943,354.0,455.0,315.0,1276.0,465.0,105.0,560.0,404.0,319.0,587.0,106.0,498.0,1211.0,395.0,524.0,526.0,32.843302,1
770,900,195.85,101.76,163.47,180.93,252.6275,1.2024,4.6091,288.4251,5.0,9.0,5.0,15.0,4.0,2.0,9.0,6.0,2.0,12.0,2.0,3.0,8.0,7.0,5.0,6.0,55.165771,180.616049,105.181481,159.304815,166.563951,1125.308631,12.217929,65.968199,1145.68912,411.0,427.0,331.0,1145.0,458.0,105.0,646.0,408.0,347.0,562.0,90.0,490.0,1207.0,445.0,503.0,525.0,40.799722,1
770,1650,208.67,129.17,155.08,202.59,440.8411,6.2211,8.2336,511.0219,4.0,7.0,1.0,10.0,3.0,0.0,4.0,4.0,7.0,16.0,1.0,6.0,18.0,8.0,6.0,5.0,76.825771,198.401358,118.334938,150.382222,189.301852,1119.81706,185.684483,111.654647,1258.160614,389.0,431.0,327.0,929.0,406.0,128.0,641.0,431.0,383.0,770.0,132.0,518.0,1102.0,508.0,476.0,529.0,63.537623,2
790,1990,180.42,131.77,149.85,173.09,526.6236,3.5971,18.6075,581.2419,6.0,13.0,2.0,8.0,2.0,1.0,2.0,1.0,7.0,13.0,3.0,9.0,11.0,8.0,8.0,6.0,47.325771,161.584815,120.66037,145.173457,151.511728,1031.639597,99.781318,56.614974,1096.860727,388.0,454.0,386.0,953.0,382.0,121.0,650.0,461.0,401.0,842.0,112.0,562.0,842.0,478.0,485.0,583.0,25.7475,2
800,390,172.32,107.88,151.97,158.86,706.0176,2.5256,6.9691,761.3604,4.0,3.0,3.0,31.0,4.0,0.0,2.0,2.0,1.0,0.0,2.0,6.0,27.0,6.0,3.0,6.0,33.095771,181.998765,105.568395,156.638148,168.182222,915.570369,8.682853,46.061039,930.342844,354.0,472.0,300.0,1181.0,432.0,105.0,601.0,374.0,317.0,602.0,110.0,530.0,1265.0,452.0,512.0,493.0,42.417993,1
820,720,199.93,103.76,163.7,186.06,187.0051,0.8424,2.51,222.1364,5.0,7.0,6.0,17.0,8.0,2.0,7.0,3.0,3.0,4.0,1.0,4.0,15.0,4.0,8.0,6.0,60.295771,184.128025,105.531605,159.14037,170.426667,1170.58077,18.641347,81.709802,1165.447832,396.0,472.0,287.0,1148.0,461.0,129.0,563.0,387.0,327.0,654.0,116.0,535.0,1149.0,437.0,509.0,530.0,44.662438,1
820,730,203.2,104.95,161.56,189.97,128.22,0.6275,3.4864,152.2691,6.0,5.0,4.0,7.0,6.0,1.0,17.0,10.0,3.0,7.0,1.0,3.0,13.0,1.0,9.0,7.0,64.205771,182.779136,105.73716,158.587531,169.204938,1348.177515,19.65894,86.375919,1334.474297,398.0,474.0,289.0,1177.0,451.0,140.0,532.0,386.0,329.0,643.0,115.0,539.0,1158.0,429.0,510.0,530.0,43.440709,1
820,2040,171.69,125.09,152.64,162.35,318.8939,14.0419,1.2504,368.5475,7.0,7.0,7.0,14.0,4.0,4.0,8.0,4.0,4.0,11.0,3.0,6.0,5.0,2.0,6.0,8.0,36.585771,139.051358,112.541728,147.365926,126.336049,959.520078,75.847765,38.997456,883.697935,446.0,473.0,366.0,896.0,394.0,145.0,604.0,439.0,425.0,800.0,131.0,570.0,816.0,501.0,489.0,605.0,0.571821,2
830,1910,202.02,129.29,153.58,195.33,194.3796,14.2459,4.1036,231.4411,7.0,3.0,4.0,6.0,8.0,2.0,9.0,4.0,3.0,18.0,3.0,2.0,9.0,7.0,8.0,7.0,69.565771,184.519012,122.534568,147.549383,175.699012,669.552108,68.97004,37.794228,765.014839,393.0,441.0,355.0,857.0,428.0,129.0,682.0,475.0,385.0,867.0,125.0,532.0,858.0,485.0,554.0,534.0,49.934784,2
840,1760,222.51,129.69,157.86,217.43,72.1699,5.2139,3.0004,89.6851,7.0,9.0,4.0,10.0,6.0,1.0,5.0,5.0,7.0,7.0,3.0,7.0,9.0,6.0,5.0,9.0,91.665771,206.376173,120.952469,148.426173,198.626296,352.28084,48.206753,40.932698,415.18195,410.0,433.0,380.0,914.0,417.0,128.0,685.0,451.0,374.0,773.0,117.0,510.0,932.0,462.0,521.0,593.0,72.862067,2
860,460,171.48,103.48,165.4,156.07,1106.9296,4.4896,32.52,1125.1451,9.0,3.0,5.0,23.0,4.0,2.0,5.0,7.0,3.0,4.0,1.0,4.0,15.0,2.0,6.0,7.0,30.305771,175.195062,104.455679,158.662469,160.61963,1114.643432,10.00211,71.545332,1124.390997,340.0,464.0,309.0,1242.0,469.0,98.0,539.0,385.0,336.0,628.0,100.0,519.0,1236.0,401.0,496.0,538.0,34.855401,1
860,980,202.51,103.42,168.79,188.26,222.3699,0.8836,1.7259,261.6524,3.0,5.0,6.0,12.0,5.0,3.0,6.0,3.0,5.0,9.0,1.0,12.0,14.0,6.0,5.0,5.0,62.495771,180.460617,105.615309,159.92716,166.743086,1574.777091,21.363124,108.731238,1547.592637,425.0,463.0,343.0,1235.0,405.0,99.0,617.0,413.0,300.0,547.0,103.0,516.0,1198.0,401.0,493.0,542.0,40.978858,1
860,3960,158.39,128.03,162.87,148.46,1170.4579,12.8291,37.1931,1226.9484,5.0,11.0,3.0,18.0,3.0,2.0,5.0,4.0,3.0,18.0,1.0,11.0,6.0,2.0,3.0,5.0,22.695771,156.839506,111.490247,154.580247,143.819877,1278.680168,105.129411,102.677635,1232.232864,335.0,458.0,317.0,759.0,439.0,115.0,867.0,400.0,351.0,1039.0,106.0,529.0,897.0,456.0,532.0,500.0,18.055648,2
870,3340,121.79,111.08,153.1,109.86,2569.7459,25.7536,159.07,2271.5604,4.0,0.0,4.0,48.0,8.0,1.0,8.0,5.0,0.0,0.0,0.0,4.0,5.0,4.0,4.0,5.0,-15.904229,122.594938,109.498889,149.529136,110.232099,2334.683703,29.829505,114.832114,2054.898229,334.0,423.0,340.0,843.0,448.0,107.0,904.0,404.0,357.0,922.0,104.0,454.0,934.0,450.0,549.0,527.0,-15.53213,1
880,640,194.04,103.98,160.44,179.84,224.5584,2.1996,2.6264,265.6144,7.0,3.0,2.0,16.0,6.0,4.0,2.0,6.0,1.0,1.0,4.0,8.0,28.0,4.0,2.0,6.0,54.075771,175.425679,105.944815,156.933704,161.684321,1484.971143,17.61856,94.131778,1453.523186,353.0,491.0,328.0,1167.0,441.0,109.0,589.0,401.0,329.0,683.0,116.0,557.0,1127.0,418.0,451.0,540.0,35.920092,1
890,410,208.78,103.58,166.46,195.25,63.4116,1.3836,5.0284,73.9875,2.0,7.0,2.0,18.0,4.0,2.0,7.0,8.0,6.0,13.0,1.0,8.0,7.0,3.0,5.0,7.0,69.485771,168.532716,105.847284,156.892346,154.400494,1380.244238,10.079023,73.338534,1374.977629,320.0,432.0,296.0,1413.0,434.0,97.0,548.0,395.0,313.0,613.0,79.0,481.0,1304.0,366.0,506.0,503.0,28.636265,1
920,320,180.73,104.9,151.52,166.5,431.3571,1.21,6.0096,464.15,6.0,7.0,5.0,16.0,4.0,4.0,2.0,5.0,4.0,7.0,1.0,8.0,16.0,3.0,5.0,7.0,40.735771,168.051975,105.388272,156.045062,153.675432,1195.991496,14.28764,64.505994,1171.015767,329.0,484.0,312.0,1149.0,461.0,111.0,603.0,382.0,298.0,637.0,95.0,574.0,1278.0,413.0,506.0,468.0,27.911203,1
930,210,188.9,105.29,161.34,174.87,354.45,3.5259,38.1844,380.3731,1.0,6.0,6.0,6.0,6.0,2.0,21.0,7.0,5.0,7.0,1.0,8.0,9.0,4.0,8.0,3.0,49.105771,172.482346,104.152716,158.507037,157.515926,844.509194,10.317789,69.918099,847.055672,283.0,441.0,315.0,1149.0,475.0,105.0,680.0,420.0,321.0,727.0,89.0,557.0,1148.0,414.0,519.0,457.0,31.751697,1
930,1610,233.58,124.47,155.45,228.92,140.1836,10.0091,6.5475,171.3536,6.0,9.0,2.0,12.0,4.0,1.0,9.0,5.0,3.0,12.0,3.0,10.0,10.0,5.0,5.0,4.0,103.155771,206.876173,118.05037,151.081111,198.204198,621.450222,129.618697,51.675767,745.436575,425.0,432.0,364.0,1025.0,417.0,139.0,729.0,459.0,338.0,664.0,112.0,532.0,963.0,432.0,513.0,556.0,72.439969,2
930,1620,211.94,111.78,159.68,201.38,128.9564,110.7916,50.2376,158.3556,6.0,8.0,2.0,10.0,2.0,2.0,9.0,9.0,4.0,9.0,0.0,9.0,13.0,5.0,4.0,8.0,75.615771,205.078148,118.890247,151.574074,196.464938,592.94809,117.889065,45.01513,704.953215,435.0,424.0,360.0,1005.0,412.0,136.0,728.0,445.0,339.0,708.0,107.0,537.0,962.0,426.0,509.0,567.0,70.700709,2
930,3100,47.4,124.37,127.18,44.41,50.38,1.9531,1.2676,35.3419,6.0,4.0,5.0,5.0,13.0,1.0,9.0,10.0,2.0,4.0,0.0,3.0,7.0,4.0,13.0,14.0,-81.354229,87.693951,117.161728,136.525062,79.827778,2556.481272,73.425696,127.08394,2102.235154,388.0,444.0,325.0,708.0,384.0,123.0,737.0,452.0,401.0,997.0,127.0,548.0,780.0,517.0,507.0,662.0,-45.936451,1
930,3820,188.21,102.08,165.16,172.68,233.0259,1.1936,2.3744,269.7576,6.0,5.0,7.0,12.0,8.0,3.0,6.0,2.0,6.0,13.0,0.0,9.0,6.0,4.0,6.0,7.0,46.915771,141.701852,105.34037,154.972346,126.870123,1449.985552,14.954642,82.373556,1361.067823,318.0,401.0,318.0,788.0,476.0,104.0,994.0,396.0,357.0,1003.0,119.0,466.0,864.0,435.0,579.0,482.0,1.105895,1
940,400,161.87,102.07,156.94,145.47,346.0731,4.1451,18.6564,348.6691,2.0,10.0,1.0,6.0,7.0,0.0,4.0,3.0,6.0,8.0,2.0,5.0,21.0,14.0,5.0,6.0,19.705771,170.58037,105.279136,158.580741,156.273704,1406.708479,12.985663,83.72595,1388.334592,343.0,459.0,282.0,1282.0,439.0,73.0,661.0,389.0,306.0,691.0,87.0,488.0,1212.0,403.0,497.0,488.0,30.509475,1
950,890,100.58,112.85,146.3,89.82,1704.3436,45.4475,84.45,1396.6076,4.0,3.0,2.0,2.0,4.0,0.0,4.0,0.0,6.0,10.0,2.0,2.0,40.0,8.0,7.0,6.0,-35.944229,161.743086,107.820494,155.015802,149.017654,2844.067452,32.05,143.991849,2693.530676,372.0,421.0,316.0,1080.0,452.0,107.0,707.0,442.0,333.0,707.0,112.0,468.0,1070.0,448.0,529.0,536.0,23.253426,1
950,2040,130.95,120.12,148.63,119.93,240.5275,34.6856,4.3531,255.1251,6.0,8.0,6.0,6.0,4.0,3.0,7.0,6.0,6.0,14.0,0.0,7.0,9.0,7.0,4.0,7.0,-5.834229,95.168272,115.988642,139.923951,84.858889,734.289833,65.710982,43.177179,607.340211,421.0,497.0,393.0,843.0,441.0,130.0,622.0,497.0,404.0,687.0,138.0,568.0,787.0,468.0,503.0,701.0,-40.90534,2
950,2050,125.03,120.26,146.23,114.42,492.4091,14.8524,7.9571,496.8636,2.0,3.0,5.0,10.0,6.0,1.0,5.0,2.0,10.0,16.0,1.0,5.0,14.0,10.0,3.0,7.0,-11.344229,93.665432,116.160247,139.737778,83.46284,669.149546,64.317037,41.985067,553.028619,406.0,487.0,405.0,806.0,451.0,131.0,652.0,499.0,390.0,699.0,144.0,548.0,803.0,475.0,503.0,701.0,-42.301389,2
980,340,186.8,105.03,157.66,172.61,228.48,2.4091,4.7844,257.0379,4.0,5.0,3.0,13.0,15.0,2.0,4.0,3.0,4.0,5.0,2.0,6.0,14.0,3.0,11.0,6.0,46.845771,167.089259,105.236296,157.378519,152.588642,1247.533885,13.482929,70.201168,1218.03992,342.0,482.0,328.0,1239.0,457.0,88.0,661.0,428.0,277.0,654.0,93.0,533.0,1157.0,380.0,509.0,472.0,26.824413,1
980,4060,190.72,125.84,161.81,181.7,125.8216,7.0344,1.9939,148.77,4.0,10.0,4.0,14.0,1.0,1.0,5.0,4.0,4.0,25.0,0.0,13.0,3.0,2.0,5.0,5.0,55.935771,151.917037,110.411235,152.211111,138.825556,1451.774105,58.084837,64.604074,1433.997594,310.0,422.0,350.0,924.0,404.0,123.0,931.0,427.0,314.0,1081.0,92.0,502.0,858.0,377.0,505.0,480.0,13.061327,2
990,2990,125.93,108.07,147.61,112.11,994.2451,12.7451,42.6579,914.7379,5.0,5.0,8.0,11.0,4.0,0.0,14.0,10.0,5.0,4.0,5.0,2.0,12.0,5.0,5.0,5.0,-13.654229,85.390741,115.530247,139.383333,76.840123,1954.971149,48.987604,121.782068,1592.06197,355.0,459.0,318.0,753.0,399.0,150.0,711.0,377.0,395.0,941.0,130.0,572.0,850.0,507.0,522.0,661.0,-48.924105,1
990,4050,203.57,122.48,163.71,194.75,101.9851,23.3696,6.6259,126.5075,5.0,5.0,2.0,6.0,3.0,2.0,9.0,7.0,4.0,20.0,1.0,7.0,8.0,11.0,7.0,3.0,68.985771,157.202469,109.859877,154.20037,143.883951,1304.817278,58.469131,62.11479,1301.499372,311.0,436.0,366.0,924.0,395.0,114.0,964.0,447.0,304.0,1089.0,97.0,541.0,776.0,370.0,488.0,478.0,18.119722,2
1010,1500,212.07,126.6,157.27,205.43,227.7451,19.04,5.5371,273.3051,2.0,3.0,4.0,10.0,8.0,1.0,4.0,5.0,4.0,17.0,1.0,11.0,14.0,6.0,2.0,8.0,79.665771,206.559877,115.233086,153.839877,197.027407,565.25802,117.257769,69.823373,655.662212,440.0,467.0,336.0,990.0,436.0,119.0,678.0,475.0,329.0,762.0,112.0,543.0,915.0,404.0,542.0,552.0,71.263179,2
1020,3140,168.13,105.38,152.35,153.28,215.1131,1.1756,2.0875,237.4816,7.0,2.0,9.0,15.0,7.0,0.0,4.0,6.0,3.0,3.0,1.0,5.0,17.0,6.0,6.0,9.0,27.515771,139.565556,108.699012,150.952346,126.824691,2483.909406,30.25632,110.212297,2207.692724,350.0,442.0,360.0,811.0,440.0,108.0,1044.0,415.0,357.0,915.0,104.0,480.0,773.0,441.0,534.0,526.0,1.060463,1
1020,4400,186.19,128.43,157.32,177.78,199.8939,1.4451,1.9976,224.1316,3.0,5.0,2.0,2.0,7.0,2.0,15.0,4.0,2.0,7.0,3.0,8.0,19.0,5.0,11.0,5.0,52.015771,136.908025,116.381975,151.000741,125.399136,1433.831911,72.386441,68.768641,1397.131184,286.0,433.0,285.0,789.0,448.0,108.0,847.0,380.0,346.0,971.0,87.0,524.0,1071.0,468.0,557.0,500.0,-0.365093,2
1020,4410,163.52,125.47,160.4,154.17,1902.1696,16.4091,31.14,2031.0411,2.0,7.0,3.0,8.0,1.0,0.0,5.0,3.0,5.0,37.0,0.0,10.0,8.0,2.0,6.0,3.0,28.405771,139.495432,115.228642,152.010988,127.677407,1534.328004,77.125007,76.726916,1484.955564,291.0,419.0,290.0,734.0,469.0,109.0,881.0,379.0,351.0,930.0,97.0,485.0,1113.0,464.0,579.0,509.0,1.913179,2
1030,230,184.85,102.6,161.19,169.62,371.2875,1.72,13.3939,401.3956,10.0,6.0,1.0,27.0,3.0,2.0,9.0,1.0,2.0,8.0,0.0,7.0,8.0,5.0,5.0,6.0,43.855771,174.31284,104.726914,160.024691,159.867531,1366.867564,16.864436,102.773464,1325.19739,322.0,452.0,306.0,1200.0,439.0,118.0,711.0,440.0,295.0,801.0,91.0,546.0,989.0,396.0,513.0,481.0,34.103302,1
1030,3890,85.08,112.41,140.79,74.13,139.7136,2.2019,2.7859,116.1131,5.0,4.0,5.0,12.0,10.0,1.0,13.0,5.0,4.0,3.0,1.0,7.0,9.0,3.0,5.0,13.0,-51.634229,122.455926,109.073704,149.385926,109.575309,1845.532255,28.440123,87.541432,1646.841366,322.0,396.0,352.0,860.0,466.0,106.0,1032.0,437.0,336.0,886.0,86.0,488.0,818.0,407.0,570.0,538.0,-16.18892,1
1030,4380,165.19,130.53,154.59,156.29,171.6739,1.5491,4.0019,183.6059,3.0,5.0,2.0,10.0,6.0,3.0,9.0,3.0,4.0,8.0,1.0,8.0,17.0,6.0,10.0,5.0,30.525771,132.817778,118.595802,148.270494,121.968889,1224.963832,49.544773,52.574611,1227.351872,284.0,457.0,318.0,928.0,417.0,106.0,837.0,399.0,329.0,943.0,97.0,556.0,997.0,422.0,512.0,498.0,-3.79534,2
1030,4390,179.38,129.8,157.24,170.73,137.2356,0.5,1.2224,154.5171,1.0,6.0,4.0,3.0,9.0,2.0,13.0,8.0,8.0,7.0,1.0,7.0,13.0,6.0,7.0,5.0,44.965771,132.098272,117.645062,149.088272,120.992099,1295.772812,58.489451,52.742949,1287.174505,281.0,453.0,314.0,885.0,435.0,103.0,885.0,399.0,333.0,921.0,94.0,532.0,988.0,434.0,536.0,507.0,-4.77213,2
1030,4400,165.76,125.6,156.94,156.23,958.5024,12.7,8.5164,1047.0571,4.0,6.0,5.0,8.0,5.0,2.0,9.0,1.0,5.0,21.0,2.0,8.0,7.0,6.0,6.0,5.0,30.465771,132.405432,116.616543,149.942963,120.983704,1343.911921,69.270986,54.791562,1324.250352,287.0,436.0,314.0,876.0,446.0,104.0,879.0,405.0,325.0,904.0,91.0,526.0,1020.0,432.0,549.0,506.0,-4.780525,2
1040,4360,170.57,125.98,151.49,161.51,338.7851,3.4196,2.0499,367.0099,3.0,6.0,6.0,13.0,7.0,1.0,14.0,6.0,4.0,3.0,0.0,1.0,20.0,6.0,9.0,1.0,35.745771,136.229506,117.68716,147.59642,125.141111,1228.654117,58.602872,42.455765,1237.245149,290.0,471.0,302.0,986.0,415.0,108.0,835.0,396.0,323.0,931.0,96.0,552.0,977.0,444.0,504.0,470.0,-0.623118,2
1040,4370,171.58,128.13,154.16,162.64,283.0036,3.9531,4.3144,319.2704,2.0,7.0,3.0,13.0,6.0,0.0,12.0,7.0,6.0,16.0,1.0,7.0,7.0,4.0,4.0,5.0,36.875771,134.982963,118.116296,147.839259,123.962963,1201.147117,58.314623,43.875397,1217.987764,287.0,482.0,307.0,1009.0,408.0,105.0,803.0,396.0,322.0,935.0,98.0,548.0,994.0,432.0,506.0,468.0,-1.801266,2
1040,4380,171.18,129.54,154.62,162.41,286.2476,2.6684,1.1156,315.1619,4.0,8.0,4.0,10.0,8.0,1.0,16.0,4.0,3.0,6.0,1.0,3.0,10.0,3.0,10.0,9.0,36.645771,132.692593,117.707407,148.341605,121.607901,1278.777106,58.396612,47.268862,1281.785024,282.0,460.0,331.0,1000.0,418.0,103.0,860.0,425.0,319.0,911.0,94.0,539.0,962.0,408.0,510.0,478.0,-4.156328,2
1040,4390,186.71,128.59,157.06,178.42,166.1459,6.1819,3.3764,190.2836,7.0,8.0,7.0,10.0,5.0,0.0,15.0,6.0,3.0,3.0,0.0,6.0,10.0,7.0,8.0,5.0,52.655771,132.555432,116.755432,149.188272,121.20358,1340.753841,64.943273,45.907146,1334.956209,284.0,458.0,333.0,938.0,437.0,102.0,927.0,426.0,322.0,892.0,92.0,516.0,934.0,411.0,535.0,493.0,-4.560649,2
1050,4390,165.32,113.77,156.31,152.81,372.3576,37.4571,3.9539,435.1539,5.0,6.0,3.0,4.0,4.0,1.0,4.0,7.0,4.0,18.0,2.0,8.0,17.0,5.0,6.0,6.0,27.045771,133.711358,115.276914,149.37037,121.944691,1382.650266,71.966405,43.185295,1370.734225,283.0,448.0,323.0,891.0,447.0,106.0,941.0,422.0,335.0,917.0,91.0,498.0,941.0,406.0,555.0,496.0,-3.819537,2
1060,190,184.87,104.53,159.79,170.35,251.0531,0.7691,5.8059,287.5275,5.0,3.0,2.0,16.0,7.0,1.0,8.0,4.0,3.0,20.0,0.0,6.0,10.0,7.0,4.0,4.0,44.585771,172.763333,104.689383,158.889383,158.335556,1414.761396,20.440801,102.776159,1347.807649,346.0,479.0,285.0,1100.0,439.0,112.0,651.0,395.0,291.0,841.0,99.0,568.0,1088.0,426.0,504.0,476.0,32.571327,1
1060,1920,99.27,132.33,140.07,92.09,274.3971,2.7611,3.0451,243.8219,8.0,7.0,5.0,11.0,5.0,2.0,2.0,8.0,4.0,8.0,5.0,9.0,9.0,8.0,3.0,6.0,-33.674229,99.387654,122.684074,139.189012,90.35716,514.147749,79.545006,18.048842,462.260955,406.0,461.0,385.0,843.0,438.0,143.0,613.0,480.0,393.0,714.0,143.0,566.0,826.0,472.0,518.0,699.0,-35.407068,2
1060,2970,45.14,122.84,128.47,42.1,48.6204,2.0744,2.1491,31.93,2.0,5.0,4.0,0.0,8.0,4.0,7.0,3.0,3.0,6.0,1.0,6.0,18.0,8.0,13.0,12.0,-83.664229,93.92679,113.739506,141.405062,84.279506,2132.810319,46.267945,117.537777,1759.487555,382.0,430.0,410.0,804.0,452.0,116.0,939.0,458.0,333.0,737.0,112.0,514.0,746.0,469.0,588.0,610.0,-41.484723,1
1080,3260,158.84,104.62,153.28,143.49,302.3944,0.4756,2.2616,322.0899,7.0,5.0,3.0,7.0,5.0,1.0,9.0,3.0,3.0,10.0,1.0,6.0,20.0,4.0,9.0,7.0,17.725771,132.120494,108.749877,149.440864,119.107654,2001.972889,31.773735,96.581812,1753.649151,361.0,410.0,349.0,738.0,437.0,117.0,892.0,385.0,372.0,1019.0,103.0,512.0,875.0,466.0,534.0,530.0,-6.656574,1
1090,1350,216.83,121.68,159.48,209.51,154.5211,5.3776,3.7296,184.4899,6.0,6.0,6.0,17.0,11.0,1.0,1.0,2.0,6.0,2.0,4.0,7.0,14.0,4.0,3.0,10.0,83.745771,142.142593,117.45358,145.491605,132.202593,3128.834606,123.685129,114.557337,3049.471178,386.0,354.0,290.0,803.0,517.0,120.0,808.0,430.0,363.0,658.0,116.0,451.0,1132.0,446.0,634.0,592.0,6.438364,2
1090,3020,186.2,106.56,158.86,172.65,271.0,0.7464,1.4204,307.2275,9.0,7.0,6.0,7.0,4.0,2.0,6.0,5.0,4.0,9.0,3.0,6.0,11.0,6.0,7.0,8.0,46.885771,148.408272,107.817654,152.819506,134.743457,1575.608006,16.941935,73.796805,1471.157889,398.0,426.0,405.0,788.0,487.0,113.0,931.0,442.0,374.0,824.0,110.0,478.0,790.0,460.0,573.0,501.0,8.979228,1
1100,860,202.34,102.1,167.71,187.77,215.7044,2.51,8.7259,241.1971,7.0,5.0,5.0,34.0,3.0,1.0,0.0,3.0,3.0,0.0,2.0,6.0,15.0,2.0,3.0,11.0,62.005771,164.417654,107.637037,154.825679,151.393951,2285.484701,25.95048,108.305415,2183.520976,379.0,456.0,298.0,1164.0,465.0,116.0,626.0,363.0,353.0,583.0,103.0,499.0,1238.0,413.0,510.0,534.0,25.629722,1
1120,1100,207.64,101.12,169.45,193.02,168.9104,6.5656,12.8875,200.4196,7.0,4.0,7.0,15.0,6.0,1.0,5.0,5.0,4.0,5.0,3.0,5.0,12.0,7.0,2.0,12.0,67.255771,174.129012,105.748148,159.658642,160.333951,1809.190887,15.419781,102.688043,1794.454033,411.0,459.0,302.0,1011.0,457.0,125.0,721.0,390.0,351.0,690.0,116.0,502.0,1073.0,471.0,490.0,531.0,34.569722,1
1130,790,93.97,113.26,135.89,82.75,334.3691,8.9724,4.4579,271.1675,2.0,12.0,0.0,11.0,4.0,2.0,3.0,4.0,3.0,15.0,0.0,16.0,13.0,6.0,3.0,6.0,-43.014229,159.507778,108.137654,151.918889,146.593951,2229.76426,20.198459,82.25873,2173.176729,356.0,497.0,289.0,1177.0,475.0,99.0,607.0,400.0,317.0,679.0,105.0,576.0,1159.0,420.0,469.0,475.0,20.829722,1
1160,2410,70.17,115.55,135.36,61.98,371.5811,1.2275,4.3704,301.3996,5.0,3.0,7.0,11.0,6.0,2.0,12.0,10.0,1.0,11.0,2.0,8.0,8.0,6.0,4.0,4.0,-63.784229,100.839136,111.321852,143.332963,89.278272,1379.739184,48.680485,109.910988,1122.151701,383.0,443.0,371.0,828.0,466.0,129.0,709.0,392.0,400.0,778.0,139.0,497.0,978.0,465.0,522.0,600.0,-36.485957,1
1170,2370,115.13,112.51,139.73,102.97,668.0931,7.8299,12.8771,598.9091,3.0,3.0,6.0,9.0,5.0,1.0,14.0,5.0,8.0,9.0,1.0,4.0,18.0,4.0,5.0,5.0,-22.794229,105.19358,111.859259,141.983704,93.745309,1477.705243,36.968093,79.321957,1229.201676,365.0,434.0,341.0,865.0,465.0,138.0,726.0,369.0,400.0,804.0,129.0,488.0,989.0,463.0,532.0,592.0,-32.01892,1
1180,3150,35.43,123.84,126.97,34.27,33.3451,0.9544,0.5891,21.9771,3.0,6.0,6.0,9.0,4.0,2.0,4.0,9.0,1.0,9.0,1.0,7.0,17.0,6.0,7.0,9.0,-91.494229,83.906049,114.948889,140.146296,75.059753,1685.32784,62.657881,99.017733,1301.548528,383.0,414.0,378.0,710.0,454.0,122.0,849.0,454.0,380.0,749.0,80.0,519.0,885.0,469.0,600.0,654.0,-50.704476,1
1190,4550,173.5,130.36,158.68,164.44,185.17,7.4904,1.0176,195.5264,3.0,6.0,5.0,9.0,8.0,1.0,25.0,8.0,2.0,9.0,0.0,1.0,5.0,1.0,10.0,7.0,38.675771,133.741975,116.59963,148.927654,122.125556,897.410954,47.611679,71.22489,873.490285,281.0,495.0,324.0,928.0,415.0,106.0,897.0,458.0,289.0,938.0,90.0,575.0,802.0,436.0,530.0,536.0,-3.638673,2
1220,3590,51.59,123.25,132.91,47.91,224.7019,8.7275,2.3819,165.6219,3.0,7.0,1.0,5.0,7.0,3.0,8.0,4.0,7.0,14.0,1.0,5.0,14.0,4.0,8.0,9.0,-77.854229,104.057284,111.321728,145.387901,92.565309,1651.401163,45.275997,85.004347,1361.634871,330.0,402.0,348.0,820.0,449.0,122.0,889.0,431.0,360.0,976.0,94.0,550.0,851.0,435.0,545.0,498.0,-33.19892,1
1230,3280,109.23,108.09,150.62,95.85,1110.3171,18.5219,65.8156,952.1075,4.0,10.0,5.0,20.0,2.0,1.0,11.0,10.0,3.0,5.0,1.0,11.0,3.0,4.0,2.0,8.0,-29.914229,113.718519,108.767901,149.014815,101.18358,2050.298546,42.545636,120.283978,1684.852348,348.0,368.0,359.0,802.0,520.0,109.0,1059.0,419.0,336.0,778.0,109.0,446.0,856.0,419.0,626.0,546.0,-24.580649,1
1240,1510,217.78,127.58,160.89,211.64,252.5116,6.9236,6.3379,297.4504,7.0,5.0,4.0,16.0,4.0,2.0,1.0,6.0,6.0,8.0,1.0,8.0,16.0,6.0,7.0,3.0,85.875771,156.128765,118.025185,148.068025,146.080988,2436.638111,82.846279,70.425126,2507.707762,464.0,475.0,338.0,905.0,420.0,122.0,580.0,405.0,384.0,715.0,105.0,566.0,1036.0,472.0,517.0,596.0,20.316759,2
1240,1520,193.99,120.06,155.01,184.89,704.6499,30.2964,4.9299,806.8779,6.0,7.0,1.0,16.0,2.0,2.0,6.0,3.0,6.0,8.0,0.0,18.0,12.0,10.0,2.0,1.0,59.125771,154.349383,116.644815,148.734815,143.70358,2218.676944,91.400881,79.144985,2242.11053,457.0,505.0,318.0,960.0,408.0,124.0,567.0,405.0,381.0,738.0,104.0,588.0,990.0,460.0,500.0,595.0,17.939351,2
1240,2770,116.39,109.93,147.51,103.54,998.5179,13.0251,28.2899,859.9084,6.0,8.0,4.0,3.0,5.0,1.0,5.0,1.0,8.0,19.0,1.0,8.0,15.0,6.0,4.0,6.0,-22.224229,82.354938,115.650123,138.465185,74.640617,2535.2455,60.479315,107.772492,1990.479609,390.0,441.0,296.0,706.0,411.0,134.0,664.0,405.0,433.0,918.0,119.0,563.0,750.0,568.0,541.0,761.0,-51.123612,1
1260,170,124.76,106.84,154.66,111.04,2298.7024,33.0744,171.8444,1980.5784,5.0,8.0,8.0,13.0,4.0,1.0,17.0,12.0,2.0,12.0,1.0,5.0,2.0,4.0,1.0,5.0,-14.724229,161.684074,104.510741,158.980247,146.876543,1669.799327,19.786181,114.274918,1591.322536,317.0,538.0,292.0,1025.0,456.0,97.0,728.0,387.0,310.0,794.0,122.0,506.0,1118.0,422.0,505.0,483.0,21.112314,1
1260,1140,171.07,100.1,171.74,153.57,701.3051,4.05,16.7524,756.5251,4.0,3.0,6.0,6.0,5.0,1.0,7.0,7.0,1.0,4.0,0.0,3.0,31.0,5.0,13.0,4.0,27.805771,169.839259,105.318272,158.818889,155.867901,2014.430212,26.61895,114.147569,1933.863291,407.0,441.0,309.0,1034.0,465.0,139.0,747.0,363.0,356.0,783.0,94.0,522.0,988.0,419.0,494.0,539.0,30.103672,1
1260,1480,194.26,130.91,156.39,187.22,680.7324,10.8419,13.8979,754.5516,6.0,13.0,4.0,8.0,1.0,3.0,7.0,6.0,6.0,8.0,2.0,11.0,10.0,9.0,2.0,4.0,61.455771,130.000247,120.138272,143.834321,120.648765,2574.489136,68.011498,68.370081,2620.20935,438.0,446.0,319.0,851.0,442.0,123.0,538.0,396.0,381.0,716.0,104.0,529.0,1164.0,470.0,531.0,652.0,-5.115463,2
1280,3170,49.25,117.1,134.64,44.64,806.5275,21.85,33.2904,590.3704,5.0,9.0,4.0,15.0,2.0,1.0,2.0,9.0,5.0,5.0,2.0,9.0,12.0,4.0,7.0,9.0,-81.124229,94.708272,110.81284,143.764074,83.728642,1712.556993,35.661267,90.140265,1375.35476,357.0,417.0,331.0,828.0,421.0,113.0,901.0,438.0,372.0,973.0,102.0,503.0,778.0,443.0,534.0,589.0,-42.035587,1
1280,4160,221.92,128.89,161.55,216.3,104.8336,9.4379,16.8475,121.33,5.0,5.0,5.0,11.0,8.0,1.0,10.0,4.0,3.0,6.0,2.0,9.0,13.0,6.0,7.0,5.0,90.535771,185.741358,116.025802,157.483086,174.678765,694.167055,103.352791,94.116381,827.579277,331.0,443.0,313.0,775.0,476.0,124.0,1023.0,456.0,316.0,862.0,115.0,546.0,786.0,430.0,585.0,519.0,48.914537,2
1290,3470,96.81,111.68,140.65,84.95,298.5739,6.3776,4.7875,242.7875,4.0,6.0,7.0,6.0,4.0,1.0,13.0,4.0,3.0,5.0,4.0,2.0,19.0,5.0,10.0,7.0,-40.814229,110.715926,109.637901,146.445432,98.411235,1677.295969,26.141354,78.386529,1409.9878,354.0,436.0,358.0,794.0,421.0,109.0,902.0,453.0,342.0,997.0,102.0,531.0,812.0,467.0,534.0,488.0,-27.352994,1
1290,4160,222.99,130.11,161.92,217.75,154.0099,10.9179,4.0736,174.7075,3.0,2.0,3.0,4.0,7.0,2.0,18.0,3.0,3.0,6.0,2.0,8.0,16.0,8.0,9.0,6.0,91.985771,186.281728,116.475556,157.392963,175.409506,750.895444,100.462489,105.702,877.283045,323.0,439.0,322.0,786.0,473.0,121.0,1007.0,457.0,317.0,876.0,105.0,547.0,810.0,430.0,576.0,511.0,49.645277,2
1290,4170,221.31,124.37,166.42,214.36,125.1139,1.7131,4.0836,153.3104,3.0,8.0,4.0,11.0,3.0,1.0,9.0,4.0,6.0,16.0,2.0,8.0,6.0,5.0,6.0,8.0,88.595771,187.432963,117.238025,155.846667,176.852593,678.441062,105.499641,118.368341,822.064691,320.0,449.0,305.0,772.0,453.0,121.0,1017.0,444.0,320.0,919.0,110.0,559.0,797.0,434.0,565.0,515.0,51.088364,2
1300,4150,207.61,131.98,158.81,201.46,191.0779,1.7996,5.5939,221.8484,3.0,5.0,5.0,5.0,5.0,2.0,11.0,9.0,5.0,7.0,1.0,4.0,17.0,5.0,10.0,6.0,75.695771,186.493704,115.663333,159.296296,175.363951,809.647738,96.316409,91.868752,919.083836,322.0,449.0,338.0,796.0,457.0,118.0,994.0,467.0,321.0,894.0,108.0,544.0,794.0,418.0,563.0,517.0,49.599722,2
1300,4160,223.63,129.83,162.77,218.28,91.0931,4.0411,4.7371,108.9416,3.0,4.0,5.0,11.0,2.0,0.0,12.0,10.0,6.0,7.0,1.0,6.0,13.0,9.0,8.0,3.0,92.515771,186.611481,116.65358,157.329877,175.842222,797.809671,96.938759,111.883527,919.223748,332.0,429.0,331.0,773.0,461.0,115.0,1007.0,461.0,321.0,899.0,105.0,533.0,821.0,436.0,563.0,513.0,50.077993,2
1300,4170,224.25,124.81,165.85,217.75,79.4875,6.7939,5.1675,103.5875,2.0,7.0,5.0,12.0,2.0,3.0,14.0,9.0,2.0,14.0,0.0,10.0,6.0,5.0,3.0,6.0,91.985771,187.01,117.497901,155.502346,176.548642,762.563233,99.44481,121.884315,907.724177,329.0,443.0,311.0,761.0,444.0,119.0,1018.0,440.0,326.0,946.0,111.0,547.0,808.0,434.0,544.0,519.0,50.784413,2
1310,2580,81.52,112.76,140.37,72.23,1461.5496,13.2624,53.4331,1173.4771,3.0,6.0,2.0,3.0,3.0,1.0,2.0,6.0,13.0,23.0,3.0,7.0,9.0,9.0,6.0,4.0,-53.534229,118.250123,108.575802,148.8,105.428025,1982.652253,35.901044,113.370123,1683.9784,417.0,446.0,379.0,763.0,454.0,123.0,879.0,448.0,365.0,819.0,112.0,513.0,868.0,420.0,523.0,571.0,-20.336204,1
1310,2950,40.66,120.76,131.79,38.05,58.2644,2.7424,2.2659,37.3875,4.0,3.0,11.0,7.0,7.0,2.0,10.0,11.0,3.0,10.0,2.0,7.0,2.0,3.0,9.0,9.0,-87.714229,97.664444,110.724444,144.968519,86.623827,1959.596291,47.197156,111.792713,1558.173185,376.0,442.0,375.0,757.0,476.0,124.0,845.0,421.0,381.0,899.0,125.0,505.0,760.0,457.0,543.0,614.0,-39.140402,1
1310,4170,224.92,122.13,167.28,217.78,73.5736,9.7131,6.7216,99.5516,3.0,7.0,3.0,8.0,7.0,2.0,7.0,4.0,5.0,7.0,3.0,2.0,15.0,12.0,9.0,6.0,92.015771,185.964074,117.906173,155.020988,175.65963,865.080067,90.449715,119.772893,1014.698839,326.0,439.0,295.0,802.0,438.0,118.0,955.0,431.0,327.0,951.0,108.0,568.0,848.0,437.0,545.0,512.0,49.895401,2
1320,2540,68.38,113.86,137.05,59.46,170.2356,1.7804,4.7675,130.0084,7.0,3.0,5.0,10.0,3.0,2.0,8.0,6.0,3.0,22.0,0.0,6.0,7.0,10.0,4.0,4.0,-66.304229,102.706296,110.841481,145.107284,91.538765,2201.761516,48.589687,142.011083,1792.145781,438.0,407.0,363.0,719.0,453.0,122.0,784.0,446.0,409.0,849.0,110.0,512.0,872.0,489.0,521.0,606.0,-34.225463,1
1330,2660,58.52,119.29,132.75,52.85,206.1696,6.2659,1.8875,138.7475,7.0,6.0,5.0,6.0,4.0,4.0,0.0,6.0,9.0,19.0,1.0,8.0,4.0,4.0,7.0,10.0,-72.914229,71.879136,117.669506,136.715926,65.638889,2254.23638,66.282255,109.441154,1715.337623,389.0,445.0,340.0,762.0,400.0,165.0,579.0,487.0,404.0,796.0,130.0,594.0,732.0,543.0,525.0,809.0,-60.12534,1
1340,2630,130.2,109.66,147.09,116.4,278.24,1.2444,2.4819,268.36,8.0,7.0,4.0,10.0,6.0,2.0,5.0,3.0,4.0,6.0,1.0,14.0,15.0,6.0,4.0,5.0,-9.364229,102.138519,112.156296,144.873086,91.921111,2804.880566,71.216559,168.443893,2241.519332,396.0,484.0,373.0,805.0,426.0,127.0,644.0,425.0,413.0,838.0,126.0,560.0,847.0,488.0,481.0,667.0,-33.843118,1
1380,320,196.29,101.22,163.03,181.31,292.4459,1.0116,9.9891,331.0539,3.0,10.0,4.0,20.0,1.0,0.0,3.0,6.0,6.0,6.0,1.0,10.0,11.0,8.0,8.0,3.0,55.545771,162.098148,106.951728,155.118395,148.422963,1733.203083,18.188164,77.902402,1671.735423,331.0,516.0,300.0,1043.0,454.0,104.0,808.0,397.0,316.0,774.0,101.0,517.0,1028.0,412.0,520.0,479.0,22.658734,1
1380,3070,138.75,105.98,155.41,123.54,391.9475,0.9396,1.6419,399.9684,4.0,5.0,7.0,6.0,7.0,1.0,14.0,5.0,4.0,10.0,1.0,7.0,10.0,9.0,6.0,4.0,-2.224229,92.745556,111.548148,143.791605,82.257778,1809.883283,39.616818,93.597559,1432.950094,359.0,439.0,385.0,783.0,477.0,115.0,876.0,467.0,383.0,864.0,119.0,504.0,788.0,433.0,529.0,579.0,-43.506451,1
1390,420,186.51,104.79,163.96,172.14,401.2099,1.1059,9.6984,445.3004,4.0,5.0,4.0,9.0,7.0,2.0,5.0,2.0,5.0,10.0,0.0,4.0,19.0,10.0,10.0,4.0,46.375771,156.96,105.825679,157.548025,142.62284,1744.92556,16.635291,103.601521,1662.766515,344.0,508.0,300.0,1070.0,478.0,111.0,788.0,378.0,310.0,786.0,106.0,601.0,958.0,376.0,474.0,512.0,16.858611,1
1390,1300,166.87,106.21,158.97,152.3,642.0731,0.9659,6.9291,691.39,5.0,5.0,3.0,11.0,15.0,1.0,9.0,4.0,3.0,1.0,4.0,4.0,14.0,3.0,10.0,8.0,26.535771,158.092222,106.414074,157.623457,144.631975,2760.426433,28.236691,137.343894,2642.549126,404.0,489.0,339.0,978.0,482.0,124.0,742.0,401.0,356.0,665.0,129.0,500.0,1006.0,409.0,500.0,576.0,18.867746,1
1400,470,102.71,109.81,144.05,90.48,1046.5059,20.3339,36.4875,832.5696,3.0,10.0,3.0,35.0,4.0,1.0,10.0,4.0,0.0,8.0,0.0,12.0,2.0,3.0,1.0,4.0,-35.284229,151.571358,106.108395,155.356543,137.215432,1574.843427,17.857633,81.449914,1485.631737,343.0,507.0,295.0,984.0,484.0,127.0,722.0,370.0,336.0,844.0,105.0,604.0,1009.0,397.0,471.0,502.0,11.451203,1
1400,590,103.39,110.91,142.44,90.79,192.5979,2.5819,2.2064,170.5259,5.0,7.0,7.0,8.0,6.0,0.0,11.0,8.0,3.0,6.0,2.0,7.0,6.0,2.0,11.0,11.0,-34.974229,149.104198,107.320741,154.329012,135.399136,2015.078773,20.822804,122.563726,1897.216617,360.0,508.0,321.0,1051.0,480.0,119.0,772.0,399.0,313.0,669.0,109.0,533.0,1012.0,382.0,552.0,520.0,9.634907,1
1420,530,170.83,103.66,159.34,155.23,260.1011,1.3444,6.0644,287.0171,5.0,5.0,0.0,5.0,6.0,3.0,11.0,5.0,7.0,21.0,2.0,6.0,7.0,5.0,8.0,4.0,29.465771,138.286173,107.416173,153.558765,124.710864,2203.714154,30.3568,130.478152,1999.727759,345.0,475.0,311.0,905.0,481.0,146.0,832.0,391.0,338.0,769.0,97.0,554.0,959.0,448.0,537.0,512.0,-1.053365,1
1440,370,132.35,104.82,152.83,116.83,526.9275,6.6276,19.0611,495.4211,3.0,6.0,3.0,1.0,4.0,1.0,9.0,2.0,8.0,13.0,0.0,2.0,24.0,10.0,8.0,6.0,-8.934229,158.271605,106.141481,157.02284,143.990741,1589.512157,16.61381,91.971207,1531.843248,339.0,515.0,314.0,1033.0,491.0,130.0,825.0,405.0,310.0,701.0,104.0,545.0,983.0,382.0,538.0,485.0,18.226512,1
1450,840,196.65,107.4,152.66,184.46,544.2075,1.34,3.4444,607.4884,4.0,10.0,3.0,5.0,4.0,0.0,10.0,10.0,4.0,11.0,1.0,9.0,11.0,5.0,6.0,7.0,58.695771,156.167037,110.345556,150.757654,144.695679,3345.89,44.284912,127.190281,3064.92529,388.0,492.0,303.0,933.0,473.0,127.0,676.0,392.0,317.0,774.0,122.0,569.0,1062.0,412.0,516.0,544.0,18.93145,1
1460,560,186.26,101.95,166.97,170.48,274.9324,0.8875,5.2491,308.5296,4.0,5.0,5.0,9.0,7.0,4.0,6.0,6.0,4.0,14.0,1.0,9.0,6.0,4.0,8.0,8.0,44.715771,155.826049,106.731481,156.411852,142.053704,2064.152828,23.937157,110.916798,1929.989091,363.0,515.0,326.0,953.0,457.0,136.0,902.0,395.0,317.0,777.0,117.0,558.0,873.0,406.0,513.0,492.0,16.289475,1
1460,2290,140.03,104.79,156.55,124.31,395.0291,0.9459,2.1475,403.1939,4.0,5.0,4.0,9.0,5.0,1.0,5.0,11.0,7.0,14.0,2.0,4.0,7.0,8.0,4.0,10.0,-1.454229,83.289383,113.943704,139.811235,73.898395,1274.50243,40.368929,80.067948,997.704862,428.0,416.0,408.0,836.0,403.0,138.0,749.0,477.0,417.0,771.0,139.0,474.0,808.0,490.0,460.0,686.0,-51.865834,1
1490,280,161.22,104.27,154.2,145.93,560.7116,1.7571,20.58,581.2851,4.0,6.0,3.0,15.0,6.0,1.0,5.0,1.0,3.0,9.0,0.0,5.0,23.0,7.0,7.0,5.0,20.165771,161.011358,106.298395,156.145062,147.050864,1769.216167,16.632565,76.129204,1705.129759,340.0,465.0,310.0,1029.0,475.0,128.0,745.0,402.0,307.0,769.0,109.0,531.0,1070.0,399.0,542.0,479.0,21.286635,1
1490,1050,87.26,115.13,140.72,77.76,1012.2924,17.2531,24.8016,885.0424,7.0,9.0,5.0,15.0,3.0,1.0,7.0,5.0,3.0,14.0,1.0,10.0,5.0,3.0,3.0,9.0,-48.004229,157.843457,106.962469,156.345556,144.469753,2495.19105,33.121307,111.412073,2355.007357,370.0,483.0,354.0,920.0,521.0,128.0,799.0,390.0,316.0,841.0,112.0,531.0,894.0,386.0,504.0,551.0,18.705524,1
1510,400,187.64,105.26,152.71,173.99,466.3904,2.5724,6.2859,496.9299,4.0,7.0,5.0,5.0,5.0,2.0,12.0,6.0,2.0,22.0,1.0,8.0,8.0,3.0,2.0,8.0,48.225771,160.108519,107.286049,153.984691,146.542346,1764.599952,16.063484,87.593099,1698.59512,338.0,478.0,319.0,961.0,502.0,146.0,821.0,413.0,303.0,793.0,125.0,529.0,972.0,391.0,504.0,505.0,20.778117,1
1530,1480,183.96,105.87,160.09,170.23,969.0184,6.6731,35.5819,1048.0371,5.0,7.0,7.0,2.0,6.0,1.0,7.0,2.0,4.0,19.0,2.0,6.0,14.0,9.0,4.0,5.0,44.465771,138.987778,109.223333,151.760617,126.322716,2673.740962,45.363332,167.41393,2483.485484,435.0,497.0,376.0,911.0,477.0,112.0,700.0,415.0,372.0,730.0,116.0,523.0,922.0,416.0,480.0,618.0,0.558487,1
1530,2190,90.39,118.05,137.42,81.41,825.2579,14.8275,11.9436,714.2819,6.0,3.0,6.0,19.0,7.0,1.0,8.0,6.0,2.0,8.0,2.0,3.0,8.0,4.0,11.0,6.0,-44.354229,99.748395,115.029753,142.285802,90.215556,2236.709534,55.640226,105.790539,1834.180202,469.0,495.0,374.0,822.0,416.0,141.0,596.0,376.0,418.0,857.0,129.0,541.0,818.0,460.0,458.0,730.0,-35.548673,1
1530,4030,196.84,119.49,162.71,186.88,185.8144,51.5499,15.9259,209.7056,4.0,8.0,5.0,11.0,2.0,4.0,9.0,5.0,4.0,10.0,0.0,7.0,11.0,6.0,9.0,5.0,61.115771,134.433333,123.250494,146.414815,125.213457,1824.366543,50.145278,67.755336,1755.461967,311.0,442.0,302.0,712.0,479.0,111.0,774.0,371.0,374.0,974.0,97.0,488.0,1011.0,525.0,569.0,560.0,-0.550772,2
1540,4010,143.28,122.17,152.47,132.75,663.8216,24.6611,2.9291,649.3475,3.0,4.0,3.0,6.0,8.0,1.0,12.0,5.0,2.0,3.0,1.0,6.0,22.0,5.0,10.0,9.0,6.985771,123.598025,123.457654,145.553333,114.831235,2128.558663,50.992157,93.853575,1989.584728,323.0,467.0,296.0,718.0,430.0,122.0,744.0,367.0,377.0,1020.0,104.0,554.0,970.0,535.0,517.0,556.0,-10.932994,2
1540,4020,184.2,108.78,158.29,171.09,333.0,25.6716,8.0259,354.1619,3.0,8.0,6.0,4.0,5.0,1.0,16.0,4.0,4.0,15.0,2.0,4.0,10.0,5.0,7.0,6.0,45.325771,123.261728,123.665309,145.024815,114.637407,2154.570758,41.518969,81.001236,2021.085687,322.0,464.0,295.0,723.0,436.0,119.0,746.0,373.0,378.0,1010.0,106.0,543.0,956.0,542.0,529.0,558.0,-11.126821,2
1550,950,182.68,104.05,162.43,167.78,298.8976,1.7475,5.5451,342.9316,5.0,5.0,6.0,14.0,9.0,2.0,12.0,8.0,3.0,2.0,2.0,8.0,8.0,1.0,9.0,6.0,42.015771,132.166049,111.805926,149.68037,121.674815,4327.625884,85.207027,201.392034,3767.119934,384.0,471.0,326.0,912.0,466.0,109.0,811.0,453.0,307.0,740.0,118.0,516.0,892.0,404.0,571.0,620.0,-4.089414,1
1550,4000,185.6,130.77,155.08,177.92,390.14,1.0371,4.0136,440.4536,5.0,6.0,5.0,21.0,3.0,3.0,15.0,6.0,3.0,4.0,1.0,3.0,4.0,7.0,7.0,7.0,52.155771,116.45037,122.156914,145.281975,107.56716,2147.943339,62.094267,103.943947,1987.420304,331.0,473.0,306.0,769.0,413.0,128.0,723.0,384.0,377.0,978.0,106.0,576.0,918.0,503.0,529.0,586.0,-18.197068,2
1550,4010,149.05,125.81,153.68,139.14,528.6475,12.2539,8.3776,562.7004,4.0,10.0,7.0,14.0,3.0,1.0,10.0,6.0,3.0,19.0,0.0,8.0,1.0,7.0,2.0,5.0,13.375771,114.93963,123.047778,144.541111,106.475432,2228.532034,46.399569,93.778927,2066.184211,317.0,457.0,298.0,743.0,430.0,122.0,735.0,376.0,377.0,985.0,106.0,567.0,946.0,524.0,541.0,576.0,-19.288797,2
1560,3980,182.36,130.52,151.53,174.51,214.3904,1.0096,8.0891,234.6899,5.0,7.0,8.0,4.0,4.0,1.0,20.0,11.0,3.0,7.0,1.0,8.0,9.0,3.0,4.0,5.0,48.745771,115.366173,120.83284,144.995309,105.9,1791.833325,77.677983,82.842941,1648.234198,325.0,493.0,323.0,885.0,447.0,125.0,776.0,400.0,343.0,863.0,102.0,575.0,881.0,446.0,520.0,596.0,-19.864229,2
1560,3990,183.48,128.22,155.8,175.2,479.3296,5.5716,7.8,553.36,5.0,2.0,2.0,9.0,6.0,1.0,8.0,3.0,6.0,18.0,0.0,1.0,16.0,9.0,7.0,7.0,49.435771,113.188889,121.138642,144.620494,104.008272,1934.50358,71.68905,90.710296,1796.654376,328.0,497.0,316.0,850.0,423.0,132.0,754.0,399.0,365.0,896.0,102.0,585.0,873.0,453.0,523.0,604.0,-21.755957,2
1600,2590,122.55,105.73,151.53,107.55,678.6275,8.5371,48.9291,626.1075,4.0,7.0,4.0,13.0,3.0,0.0,10.0,8.0,6.0,9.0,0.0,5.0,13.0,5.0,6.0,7.0,-18.214229,118.014198,108.011358,150.073827,105.085802,2145.250292,36.793945,114.101216,1823.340663,377.0,440.0,383.0,838.0,473.0,129.0,873.0,401.0,357.0,832.0,116.0,512.0,904.0,416.0,537.0,512.0,-20.678426,1
1610,3770,180.69,131.31,162.66,171.83,134.1939,3.2539,7.7844,152.9811,2.0,9.0,2.0,13.0,6.0,0.0,16.0,3.0,3.0,10.0,2.0,6.0,5.0,6.0,10.0,7.0,46.065771,173.919259,111.587407,153.590864,161.517778,1142.300395,106.657916,88.249151,1141.173388,354.0,446.0,345.0,897.0,478.0,125.0,866.0,431.0,331.0,787.0,123.0,489.0,941.0,417.0,544.0,526.0,35.753549,2
1620,3770,208.67,117.41,164.31,198.93,179.2211,93.4819,9.2339,208.9051,4.0,5.0,3.0,14.0,14.0,0.0,7.0,6.0,2.0,4.0,2.0,9.0,12.0,7.0,7.0,4.0,73.165771,174.927284,112.097037,152.88642,162.633086,972.41533,109.755769,83.562161,981.205128,353.0,452.0,350.0,943.0,482.0,115.0,837.0,436.0,328.0,768.0,116.0,503.0,927.0,416.0,538.0,536.0,36.868858,2
1650,280,225.64,127.71,162.75,220.08,109.2504,3.5059,9.0275,128.8136,5.0,5.0,7.0,15.0,3.0,2.0,6.0,6.0,3.0,6.0,1.0,6.0,19.0,3.0,6.0,7.0,94.315771,154.558395,114.597901,153.496543,143.505185,2888.961158,92.761156,112.220605,2862.532689,312.0,517.0,285.0,892.0,484.0,116.0,853.0,379.0,299.0,870.0,104.0,546.0,1022.0,387.0,560.0,474.0,17.740956,2
1650,290,219.52,128.03,161.41,213.59,279.0496,4.7891,8.6219,319.8419,1.0,6.0,4.0,16.0,8.0,2.0,13.0,10.0,2.0,3.0,2.0,9.0,6.0,3.0,7.0,8.0,87.825771,156.109877,115.09037,153.660494,145.15642,2802.573359,93.322944,111.137575,2788.78257,314.0,513.0,291.0,887.0,490.0,121.0,870.0,381.0,292.0,856.0,101.0,560.0,1019.0,379.0,539.0,487.0,19.392191,2
1650,300,220.73,128.27,159.97,215.01,225.0971,6.2771,5.6491,266.1699,5.0,6.0,0.0,13.0,11.0,1.0,8.0,6.0,0.0,5.0,2.0,7.0,15.0,6.0,12.0,3.0,89.245771,157.62679,115.171975,153.618272,146.787407,2839.335406,91.180424,111.885641,2812.656039,322.0,537.0,292.0,901.0,469.0,125.0,879.0,391.0,286.0,869.0,107.0,562.0,978.0,366.0,535.0,481.0,21.023179,2
1650,310,218.67,128.33,156.7,213.05,257.3011,8.2211,6.47,300.9275,5.0,11.0,3.0,15.0,4.0,3.0,2.0,3.0,5.0,8.0,2.0,9.0,15.0,3.0,4.0,8.0,87.285771,159.197037,114.765432,153.745432,148.242222,2740.028831,89.921274,107.135442,2703.06676,321.0,523.0,285.0,903.0,485.0,130.0,905.0,383.0,295.0,872.0,106.0,555.0,931.0,379.0,544.0,483.0,22.477993,2
1650,750,158.38,108.96,148.79,145.51,1766.0356,12.9784,14.0859,1762.7499,3.0,3.0,0.0,37.0,3.0,2.0,3.0,2.0,3.0,4.0,1.0,6.0,16.0,5.0,6.0,6.0,19.745771,180.186914,106.022469,156.868519,166.697654,1364.143829,10.834063,52.91691,1380.370439,378.0,493.0,306.0,921.0,497.0,147.0,738.0,405.0,332.0,764.0,132.0,537.0,992.0,426.0,532.0,500.0,40.933426,1
1650,2360,139.22,104.29,153.71,123.47,669.8516,5.2459,24.4659,677.8491,5.0,5.0,4.0,11.0,5.0,3.0,5.0,3.0,5.0,14.0,2.0,8.0,8.0,8.0,8.0,6.0,-2.294229,131.016543,106.42642,152.83963,117.062593,2018.072566,36.917425,110.189713,1763.519909,568.0,470.0,390.0,785.0,445.0,155.0,670.0,419.0,390.0,786.0,158.0,503.0,726.0,434.0,507.0,694.0,-8.701636,1
1650,4000,166.94,127.22,156.14,157.62,404.0564,4.5116,1.9404,433.8956,4.0,7.0,2.0,7.0,3.0,0.0,15.0,4.0,9.0,22.0,0.0,9.0,4.0,4.0,3.0,7.0,31.855771,117.305802,114.174691,147.971975,105.795432,1587.225868,74.348619,61.495387,1448.800251,322.0,425.0,338.0,978.0,456.0,109.0,758.0,434.0,336.0,883.0,109.0,547.0,946.0,413.0,521.0,525.0,-19.968797,2
1660,290,177.28,130.21,164.36,169.07,2257.3816,9.4059,34.8104,2405.8251,3.0,4.0,0.0,4.0,6.0,0.0,9.0,1.0,5.0,13.0,0.0,1.0,30.0,7.0,11.0,6.0,43.305771,150.315062,115.638889,152.877778,139.562593,2964.735304,86.636142,120.295679,2947.824601,314.0,491.0,297.0,893.0,490.0,130.0,887.0,398.0,300.0,826.0,106.0,555.0,1021.0,367.0,541.0,484.0,13.798364,2
1660,300,226.87,126.02,161.92,221.34,346.7931,11.6396,18.0336,403.8044,5.0,5.0,1.0,11.0,9.0,0.0,13.0,5.0,6.0,9.0,0.0,7.0,16.0,5.0,3.0,5.0,95.575771,153.206173,115.666914,153.054321,142.537284,2970.616505,85.10214,119.858531,2940.19182,319.0,518.0,299.0,897.0,474.0,137.0,900.0,405.0,295.0,821.0,112.0,553.0,988.0,361.0,536.0,485.0,16.773055,2
1660,310,202.02,127.75,154.07,195.34,731.5996,5.2475,17.9251,839.6644,2.0,10.0,2.0,6.0,2.0,2.0,17.0,0.0,4.0,31.0,2.0,9.0,1.0,4.0,2.0,6.0,69.575771,156.203457,115.122963,153.388025,145.334198,2791.286013,85.636238,111.581165,2754.909176,320.0,503.0,291.0,909.0,493.0,141.0,936.0,396.0,297.0,821.0,110.0,549.0,930.0,364.0,548.0,492.0,19.569969,2
1660,320,147.67,128.44,149.19,138.96,1134.3611,2.9464,9.9339,1160.2184,5.0,5.0,1.0,3.0,6.0,2.0,9.0,2.0,3.0,20.0,1.0,7.0,11.0,10.0,9.0,6.0,13.195771,160.708519,113.885309,154.247654,149.380741,2481.821335,87.19092,104.882124,2443.089111,329.0,495.0,296.0,924.0,494.0,146.0,930.0,397.0,303.0,828.0,107.0,531.0,903.0,371.0,556.0,490.0,23.616512,2
1660,4000,147.94,122.02,157.82,137.18,961.9164,22.8396,7.6076,1035.1676,4.0,7.0,5.0,13.0,2.0,1.0,4.0,1.0,6.0,28.0,0.0,14.0,4.0,5.0,0.0,6.0,11.415771,116.980617,113.65679,149.059753,105.271481,1559.026414,72.688874,58.723837,1426.937532,328.0,447.0,337.0,903.0,462.0,106.0,786.0,437.0,336.0,908.0,117.0,547.0,894.0,416.0,543.0,533.0,-20.492747,2
1680,3060,167.75,127.06,156.19,158.7,929.9275,4.6164,18.7539,1006.57,5.0,7.0,6.0,12.0,2.0,2.0,20.0,12.0,1.0,4.0,2.0,6.0,8.0,0.0,8.0,5.0,32.935771,117.745556,114.994198,150.621975,106.556173,1841.368468,63.217868,85.922283,1668.960425,407.0,433.0,383.0,864.0,476.0,132.0,871.0,444.0,368.0,743.0,118.0,516.0,858.0,417.0,527.0,543.0,-19.208056,2
1690,1830,134.41,103.82,156.96,118.89,1433.3819,4.1876,27.5784,1374.5579,6.0,3.0,5.0,8.0,8.0,3.0,7.0,6.0,4.0,2.0,2.0,2.0,23.0,6.0,9.0,6.0,-6.874229,150.48358,105.977654,157.712593,136.778889,2912.505286,37.908019,181.905545,2697.639628,463.0,487.0,349.0,821.0,476.0,132.0,805.0,402.0,389.0,780.0,129.0,505.0,802.0,438.0,519.0,603.0,11.01466,1
1690,2580,88.61,108.87,144.89,76.63,704.9579,7.2931,15.3579,584.2331,5.0,4.0,5.0,10.0,12.0,0.0,13.0,7.0,4.0,3.0,1.0,4.0,11.0,2.0,13.0,6.0,-49.134229,89.655679,111.118765,143.548025,79.242099,1866.72206,45.456265,99.990657,1473.985709,421.0,513.0,335.0,796.0,512.0,125.0,806.0,386.0,355.0,739.0,130.0,536.0,810.0,441.0,565.0,630.0,-46.52213,1
1690,3060,183.45,128.93,162.07,174.66,427.3475,1.4651,2.6851,470.2844,4.0,6.0,3.0,8.0,6.0,4.0,6.0,5.0,4.0,12.0,4.0,7.0,14.0,5.0,7.0,5.0,48.895771,119.730741,115.11358,151.185432,108.425432,1752.22787,66.972038,78.652775,1587.092588,422.0,436.0,365.0,841.0,463.0,130.0,849.0,438.0,374.0,773.0,126.0,516.0,869.0,435.0,524.0,539.0,-17.338797,2
1700,2790,42.09,120.16,129.21,38.87,78.8219,0.6344,0.8859,54.1331,7.0,4.0,3.0,12.0,6.0,0.0,12.0,6.0,1.0,4.0,2.0,4.0,13.0,7.0,7.0,12.0,-86.894229,81.846173,112.921605,141.752469,72.870247,2145.265473,63.842867,161.506012,1648.101312,433.0,497.0,374.0,776.0,494.0,138.0,710.0,441.0,350.0,632.0,139.0,550.0,877.0,410.0,564.0,715.0,-52.893982,1
1700,3060,177.54,126.83,159.71,168.54,919.5284,5.7611,9.4859,988.6284,8.0,6.0,6.0,10.0,5.0,0.0,12.0,8.0,3.0,9.0,1.0,8.0,4.0,6.0,11.0,3.0,42.775771,120.009259,115.352469,151.2,108.693827,1660.200532,67.002803,71.646667,1509.534653,433.0,449.0,356.0,859.0,455.0,127.0,797.0,418.0,376.0,780.0,136.0,506.0,911.0,445.0,511.0,541.0,-17.070402,2
1700,3070,173.74,123.75,161.1,163.64,548.0724,7.8675,2.01,602.3904,7.0,9.0,3.0,10.0,7.0,3.0,7.0,5.0,5.0,10.0,4.0,7.0,9.0,3.0,6.0,5.0,37.875771,116.79,115.451235,150.385185,105.669259,1697.795283,65.207869,72.187188,1541.994685,411.0,460.0,338.0,861.0,470.0,130.0,796.0,399.0,382.0,799.0,130.0,521.0,902.0,445.0,511.0,545.0,-20.09497,2
1710,2780,65.34,115.89,135.5,57.71,201.3044,4.4179,6.41,154.7859,4.0,6.0,4.0,4.0,12.0,3.0,9.0,7.0,3.0,5.0,2.0,6.0,14.0,4.0,10.0,7.0,-68.054229,82.771111,112.854321,141.962099,73.725432,2175.670079,60.230136,161.220415,1684.292761,436.0,535.0,400.0,819.0,479.0,130.0,749.0,470.0,338.0,645.0,134.0,554.0,779.0,378.0,554.0,700.0,-52.038797,1
1720,2220,169.8,102.65,164.41,153.99,820.1,3.3475,6.8019,872.1899,6.0,4.0,4.0,22.0,9.0,1.0,4.0,6.0,4.0,3.0,1.0,5.0,10.0,1.0,7.0,13.0,28.225771,147.856914,105.118395,157.127901,133.397901,2131.234958,25.040674,97.375246,1974.350193,612.0,457.0,350.0,862.0,452.0,142.0,661.0,430.0,356.0,698.0,151.0,483.0,861.0,406.0,485.0,694.0,7.633672,1
1730,1020,175.11,103.94,156.86,160.19,640.9979,2.0964,8.2804,697.6339,7.0,6.0,1.0,18.0,6.0,3.0,4.0,1.0,5.0,11.0,1.0,21.0,7.0,4.0,1.0,4.0,34.425771,162.095432,105.561605,158.352716,148.089012,2199.397683,21.187192,107.235221,2113.200101,424.0,520.0,328.0,931.0,436.0,126.0,825.0,404.0,304.0,822.0,110.0,587.0,879.0,403.0,498.0,503.0,22.324784,1
1730,1180,109.55,110.8,150.92,97.91,2174.8875,35.88,73.8136,1905.2819,3.0,6.0,2.0,7.0,7.0,2.0,2.0,1.0,8.0,16.0,2.0,7.0,21.0,5.0,5.0,6.0,-27.854229,153.886543,106.465802,156.811975,140.419012,2788.474412,31.862658,125.485017,2651.070108,395.0,486.0,340.0,973.0,483.0,121.0,884.0,444.0,299.0,754.0,106.0,566.0,857.0,359.0,510.0,523.0,14.654784,1
1740,2390,175.46,100.04,166.88,158.58,557.1484,0.7384,3.7456,626.2036,11.0,6.0,6.0,6.0,6.0,3.0,5.0,6.0,7.0,9.0,2.0,10.0,4.0,6.0,5.0,8.0,32.815771,107.550741,108.587284,149.720494,95.673704,2831.474339,53.63053,179.317432,2350.515383,552.0,439.0,409.0,790.0,470.0,175.0,751.0,422.0,390.0,646.0,151.0,471.0,800.0,405.0,479.0,750.0,-30.090525,1
1740,2470,108.84,106.11,153.66,94.28,447.0744,2.8579,8.4444,417.5216,7.0,5.0,4.0,19.0,7.0,1.0,6.0,2.0,4.0,8.0,2.0,9.0,7.0,8.0,4.0,7.0,-31.484229,108.110247,107.41642,150.843704,95.510741,2478.388957,60.681286,148.340016,2013.832354,532.0,492.0,364.0,775.0,482.0,151.0,722.0,404.0,395.0,727.0,126.0,543.0,762.0,443.0,519.0,663.0,-30.253488,1
1740,3860,180.86,122.76,167.71,170.14,615.4404,47.9824,7.6859,758.8804,2.0,6.0,1.0,12.0,1.0,3.0,3.0,2.0,8.0,30.0,1.0,7.0,5.0,11.0,4.0,4.0,44.375771,142.06284,112.030864,152.899012,129.113704,1374.688273,94.365961,57.514987,1329.302504,354.0,383.0,344.0,774.0,477.0,130.0,944.0,408.0,353.0,911.0,111.0,452.0,943.0,467.0,573.0,476.0,3.349475,2
1750,2400,146.97,103.57,156.72,131.05,720.2491,3.2051,13.6016,733.5875,8.0,5.0,5.0,11.0,8.0,1.0,12.0,4.0,5.0,8.0,1.0,5.0,10.0,4.0,4.0,9.0,5.285771,112.30679,107.761111,151.344198,99.915926,2876.153658,56.467253,181.679306,2387.401697,581.0,415.0,404.0,809.0,472.0,174.0,735.0,404.0,383.0,642.0,141.0,478.0,822.0,413.0,485.0,742.0,-25.848303,1
1750,3680,175.61,129.63,160.48,166.58,408.2579,2.8931,8.7496,452.3436,3.0,5.0,4.0,12.0,4.0,2.0,20.0,4.0,2.0,5.0,3.0,3.0,12.0,4.0,8.0,9.0,40.815771,148.312099,113.831358,152.683333,135.921235,1456.706298,127.722177,79.365772,1402.460957,358.0,468.0,362.0,850.0,426.0,138.0,845.0,419.0,327.0,947.0,134.0,536.0,823.0,414.0,533.0,520.0,10.157006,2
1750,3690,198.28,132.01,165.02,190.5,107.4016,2.1899,3.3196,123.17,12.0,3.0,4.0,11.0,5.0,4.0,10.0,5.0,0.0,7.0,2.0,4.0,12.0,4.0,8.0,9.0,64.735771,145.57963,114.119012,152.108025,133.360988,1564.868844,120.676453,70.51117,1505.071169,350.0,454.0,354.0,828.0,443.0,130.0,857.0,433.0,330.0,943.0,133.0,514.0,854.0,413.0,550.0,514.0,7.596759,2
1750,3700,180.53,121.96,165.24,169.91,532.8091,48.7584,12.2024,634.4619,4.0,13.0,2.0,2.0,5.0,3.0,8.0,3.0,5.0,18.0,5.0,5.0,8.0,7.0,6.0,6.0,44.145771,144.799877,114.131111,151.980247,132.707778,1721.085753,116.940094,72.098622,1653.46189,342.0,449.0,346.0,829.0,453.0,132.0,841.0,438.0,333.0,908.0,138.0,504.0,908.0,415.0,556.0,508.0,6.943549,2
1750,3840,157.75,126.82,157.47,147.71,255.9475,1.9876,9.6891,276.5059,6.0,6.0,7.0,6.0,4.0,1.0,12.0,2.0,4.0,19.0,1.0,0.0,10.0,7.0,9.0,6.0,21.945771,129.802099,113.945185,150.174198,117.678025,1624.297996,113.460452,81.085087,1507.289912,350.0,395.0,333.0,840.0,475.0,129.0,827.0,414.0,361.0,812.0,105.0,481.0,1034.0,480.0,573.0,491.0,-8.086204,2
1750,4540,161.56,125.34,149.91,151.96,196.8664,1.0444,2.0819,220.5584,5.0,6.0,6.0,6.0,10.0,0.0,18.0,3.0,3.0,12.0,1.0,3.0,9.0,3.0,8.0,7.0,26.195771,111.569383,117.414691,146.464321,101.327037,1545.027161,44.321735,52.803789,1419.613417,266.0,408.0,279.0,819.0,475.0,125.0,796.0,408.0,349.0,902.0,92.0,526.0,1034.0,490.0,623.0,508.0,-24.437192,2
1750,4550,171.77,127.52,151.49,163.01,146.4771,0.9296,2.8499,161.2099,4.0,8.0,4.0,6.0,11.0,2.0,15.0,5.0,1.0,3.0,2.0,2.0,10.0,3.0,14.0,10.0,37.245771,114.390864,116.823704,147.100494,103.809753,1514.015867,49.978055,55.215086,1388.586399,266.0,432.0,281.0,834.0,459.0,119.0,788.0,379.0,351.0,893.0,91.0,546.0,1058.0,488.0,623.0,492.0,-21.954476,2
1760,3560,123.51,114.62,156.49,112.72,3329.8699,45.4956,94.6899,3057.1216,2.0,6.0,2.0,9.0,4.0,3.0,6.0,3.0,5.0,20.0,2.0,6.0,14.0,8.0,4.0,6.0,-13.044229,130.758519,108.267037,151.87,118.325185,3279.902674,67.448815,147.814335,2832.922897,351.0,435.0,310.0,825.0,471.0,131.0,765.0,375.0,408.0,860.0,129.0,493.0,967.0,476.0,548.0,556.0,-7.439044,2
1770,510,179.87,109.52,151.67,167.5,924.6931,1.4696,27.4011,1017.27,3.0,5.0,8.0,18.0,3.0,2.0,7.0,6.0,5.0,11.0,2.0,15.0,6.0,1.0,3.0,5.0,41.735771,143.669753,110.869383,150.517778,131.889877,2885.247357,21.458495,106.444746,2717.83849,357.0,485.0,332.0,859.0,475.0,101.0,877.0,415.0,326.0,930.0,103.0,570.0,879.0,397.0,501.0,493.0,6.125648,1
1770,600,161.0,106.84,160.16,147.07,1845.06,3.3544,81.1544,1805.8451,2.0,6.0,7.0,14.0,7.0,1.0,19.0,8.0,3.0,6.0,2.0,3.0,5.0,2.0,7.0,8.0,21.305771,158.816543,107.689136,155.100864,145.849877,2550.263628,24.583363,106.941555,2400.692031,368.0,474.0,309.0,883.0,483.0,121.0,896.0,386.0,340.0,904.0,106.0,517.0,834.0,423.0,539.0,517.0,20.085648,1
1770,1010,88.42,111.09,144.71,77.07,595.8636,5.0219,11.6659,501.9451,2.0,9.0,0.0,29.0,1.0,0.0,1.0,4.0,3.0,11.0,0.0,8.0,20.0,6.0,3.0,3.0,-48.694229,138.610494,108.746543,152.956543,126.152716,3121.252606,33.330698,145.572926,2885.570382,387.0,492.0,325.0,942.0,447.0,114.0,716.0,386.0,351.0,850.0,100.0,543.0,989.0,418.0,506.0,534.0,0.388487,1
1780,440,206.41,104.24,168.87,192.87,219.2219,2.4424,12.9131,248.4331,7.0,5.0,2.0,5.0,7.0,2.0,11.0,3.0,4.0,16.0,1.0,6.0,10.0,7.0,8.0,6.0,67.105771,169.414938,107.05642,157.546543,156.149012,2087.498073,17.299656,103.268821,2036.865079,377.0,496.0,315.0,957.0,467.0,129.0,838.0,400.0,301.0,842.0,101.0,583.0,850.0,396.0,530.0,518.0,30.384784,1
1780,2600,160.34,102.15,162.01,143.72,373.8244,0.7475,4.3099,398.6216,6.0,9.0,3.0,8.0,4.0,1.0,16.0,4.0,5.0,14.0,3.0,8.0,5.0,6.0,2.0,6.0,17.955771,107.96716,108.31963,149.351481,95.588765,2227.823366,45.04117,141.339794,1826.620639,414.0,497.0,333.0,864.0,520.0,112.0,837.0,412.0,325.0,804.0,125.0,520.0,806.0,384.0,598.0,549.0,-30.175463,1
1790,130,161.64,107.49,151.0,147.62,608.7104,1.0099,1.28,652.7356,4.0,7.0,6.0,10.0,5.0,5.0,6.0,2.0,5.0,14.0,1.0,7.0,13.0,3.0,7.0,5.0,21.855771,158.703086,106.764321,156.223951,144.734815,1608.954682,17.644332,84.771575,1527.464492,297.0,521.0,292.0,859.0,493.0,118.0,893.0,374.0,291.0,951.0,116.0,570.0,909.0,397.0,551.0,468.0,18.970586,1
1790,1390,90.12,113.82,138.34,79.42,281.3456,1.2076,2.2444,253.1236,6.0,8.0,3.0,3.0,8.0,1.0,11.0,8.0,5.0,14.0,3.0,5.0,6.0,4.0,9.0,6.0,-46.344229,134.474444,108.445802,152.475556,121.833457,2990.431322,39.076692,163.095328,2722.145967,431.0,480.0,367.0,873.0,463.0,108.0,760.0,432.0,345.0,803.0,137.0,488.0,885.0,423.0,501.0,604.0,-3.930772,1
1800,1100,207.27,102.31,177.19,192.68,801.8371,5.6539,12.6139,868.2776,5.0,4.0,2.0,9.0,11.0,3.0,14.0,3.0,3.0,3.0,1.0,6.0,13.0,2.0,17.0,4.0,66.915771,161.101852,106.838519,157.162099,147.630123,2317.991972,26.069973,121.763724,2204.36171,408.0,478.0,346.0,903.0,486.0,135.0,933.0,407.0,318.0,810.0,101.0,524.0,803.0,369.0,534.0,545.0,21.865895,1
1800,3760,188.43,122.24,159.85,178.86,357.0251,16.2424,24.7075,407.3804,6.0,6.0,2.0,7.0,6.0,1.0,10.0,5.0,7.0,13.0,1.0,2.0,14.0,4.0,8.0,8.0,53.095771,127.997037,115.529259,151.549506,116.432716,1555.572584,67.438774,66.242611,1493.274115,340.0,430.0,317.0,939.0,433.0,126.0,807.0,412.0,388.0,877.0,109.0,506.0,934.0,464.0,541.0,477.0,-9.331513,2
1810,3750,194.67,126.7,158.63,186.5,153.2011,1.83,12.0331,170.35,6.0,5.0,5.0,6.0,7.0,3.0,17.0,5.0,2.0,6.0,3.0,7.0,10.0,6.0,6.0,6.0,60.735771,130.794815,113.476296,153.423827,118.510123,1472.791232,56.1045,55.074568,1435.414836,341.0,457.0,329.0,939.0,446.0,128.0,813.0,430.0,403.0,833.0,116.0,526.0,875.0,444.0,526.0,494.0,-7.254105,2
1830,1270,198.65,102.87,165.51,184.34,343.0475,3.8531,8.8899,385.3844,5.0,6.0,2.0,8.0,7.0,0.0,9.0,6.0,3.0,15.0,1.0,11.0,10.0,4.0,6.0,7.0,58.575771,161.687654,106.053951,157.685309,148.004568,2402.414045,25.309065,103.028994,2296.355905,441.0,473.0,325.0,866.0,455.0,140.0,798.0,406.0,348.0,861.0,113.0,525.0,896.0,386.0,520.0,547.0,22.240339,1
1840,720,158.63,105.95,151.7,144.01,721.8731,6.3275,32.95,716.6699,5.0,13.0,5.0,18.0,3.0,2.0,7.0,8.0,2.0,11.0,2.0,15.0,1.0,0.0,2.0,6.0,18.245771,159.376667,106.64,156.755062,145.796543,2305.595036,17.446696,122.036795,2201.785272,389.0,521.0,339.0,876.0,428.0,137.0,886.0,447.0,303.0,943.0,129.0,614.0,700.0,409.0,475.0,504.0,20.032314,1
1850,150,144.12,106.08,147.83,129.12,401.8256,6.3936,13.1811,393.4056,3.0,15.0,5.0,21.0,1.0,1.0,11.0,7.0,0.0,11.0,2.0,11.0,1.0,2.0,2.0,7.0,3.355771,147.590247,107.59037,154.742593,134.289259,2474.469016,29.803809,131.600778,2260.232008,299.0,501.0,308.0,831.0,519.0,120.0,997.0,418.0,280.0,892.0,98.0,526.0,855.0,390.0,577.0,489.0,8.52503,1
1850,2280,98.95,111.08,143.44,87.54,1346.2875,12.3536,23.1064,1183.4084,7.0,3.0,7.0,11.0,9.0,1.0,18.0,2.0,3.0,9.0,1.0,6.0,9.0,3.0,4.0,7.0,-38.224229,132.657901,105.888395,155.10037,119.356543,3449.368277,48.679149,189.358444,3072.716334,590.0,468.0,373.0,825.0,439.0,148.0,722.0,393.0,387.0,728.0,148.0,519.0,751.0,415.0,462.0,732.0,-6.407686,1
1870,960,162.59,108.23,153.57,149.37,1683.0819,7.1371,10.8851,1746.9531,4.0,4.0,5.0,9.0,6.0,3.0,17.0,6.0,3.0,22.0,2.0,4.0,4.0,3.0,3.0,5.0,23.605771,176.186543,106.081235,158.936543,162.823457,2062.00977,20.795623,93.542887,2000.990561,400.0,472.0,323.0,913.0,485.0,128.0,802.0,412.0,334.0,785.0,119.0,543.0,924.0,424.0,516.0,520.0,37.059228,1
1880,1310,134.35,106.72,154.49,119.47,426.7075,5.2016,6.6899,423.2691,7.0,5.0,6.0,16.0,6.0,0.0,9.0,6.0,3.0,5.0,0.0,7.0,8.0,4.0,9.0,9.0,-6.294229,150.147778,105.872222,156.809753,136.416173,2798.008162,31.389228,137.56146,2616.555813,412.0,457.0,377.0,910.0,446.0,151.0,788.0,444.0,325.0,840.0,109.0,529.0,907.0,400.0,492.0,513.0,10.651944,1
1890,220,199.04,107.43,156.03,186.69,258.7184,1.5451,4.7691,303.3339,5.0,9.0,2.0,5.0,5.0,0.0,16.0,2.0,3.0,23.0,0.0,10.0,5.0,2.0,5.0,8.0,60.925771,170.147901,107.109753,157.030123,156.666296,1621.320347,16.379189,88.50971,1574.345062,327.0,508.0,318.0,784.0,478.0,136.0,954.0,422.0,298.0,1036.0,105.0,552.0,778.0,393.0,528.0,483.0,30.902067,1
1900,1170,208.26,102.16,166.77,194.31,151.0124,1.9744,2.2571,182.6339,3.0,10.0,7.0,7.0,5.0,1.0,17.0,4.0,2.0,12.0,0.0,8.0,7.0,5.0,6.0,6.0,68.545771,164.848395,105.296914,158.117654,150.934444,2283.072325,21.630978,101.405046,2189.640517,381.0,464.0,361.0,896.0,503.0,124.0,838.0,427.0,343.0,780.0,111.0,537.0,880.0,422.0,503.0,530.0,25.170216,1
1910,1540,83.7,112.99,139.37,73.26,359.41,1.7699,3.9731,322.7324,5.0,7.0,5.0,5.0,5.0,0.0,14.0,7.0,6.0,5.0,2.0,4.0,10.0,8.0,9.0,8.0,-52.504229,143.625185,106.544074,156.070123,130.171605,2994.505687,37.637687,162.35286,2770.419194,434.0,445.0,354.0,881.0,479.0,131.0,845.0,414.0,386.0,784.0,122.0,509.0,830.0,428.0,491.0,567.0,4.407376,1
1920,1520,85.59,112.11,142.13,74.66,312.3819,2.4179,11.6731,259.8244,5.0,5.0,6.0,13.0,6.0,3.0,11.0,7.0,3.0,3.0,1.0,5.0,13.0,4.0,6.0,9.0,-51.104229,144.800123,106.525556,156.70358,131.365556,3099.552519,39.174532,195.93695,2843.028468,452.0,449.0,362.0,903.0,476.0,139.0,832.0,415.0,360.0,752.0,124.0,513.0,841.0,400.0,463.0,619.0,5.601327,1
1930,710,202.41,104.04,165.76,188.7,144.4019,2.0184,2.3024,165.19,5.0,6.0,8.0,11.0,4.0,3.0,13.0,11.0,2.0,5.0,3.0,10.0,5.0,3.0,6.0,5.0,62.935771,160.720988,107.11037,157.233333,147.64284,2719.423881,32.25325,128.951728,2496.082189,362.0,488.0,326.0,828.0,490.0,134.0,894.0,393.0,310.0,959.0,131.0,553.0,809.0,395.0,515.0,513.0,21.878611,1
1930,810,76.93,115.55,137.11,67.96,212.5251,0.9675,1.6179,177.3784,5.0,8.0,2.0,19.0,2.0,0.0,9.0,5.0,6.0,14.0,1.0,9.0,7.0,4.0,2.0,7.0,-57.804229,126.774938,110.853827,148.962716,115.832099,3907.687989,57.720856,194.686511,3422.530822,358.0,477.0,295.0,791.0,463.0,124.0,948.0,396.0,343.0,945.0,104.0,538.0,815.0,415.0,519.0,569.0,-9.93213,1
1930,1030,41.2,128.21,130.05,40.24,169.78,0.4659,1.0075,118.1224,4.0,1.0,12.0,8.0,11.0,2.0,16.0,9.0,1.0,1.0,4.0,3.0,7.0,3.0,10.0,8.0,-85.524229,115.325062,113.756296,147.015926,106.047901,4462.181866,87.462337,214.165796,3834.757952,370.0,442.0,312.0,805.0,485.0,115.0,832.0,404.0,341.0,750.0,118.0,530.0,957.0,455.0,570.0,614.0,-19.716328,1
1930,1640,71.84,114.11,138.75,63.04,434.5344,7.0579,6.6475,319.3984,4.0,3.0,3.0,7.0,7.0,0.0,14.0,7.0,4.0,8.0,1.0,7.0,10.0,7.0,9.0,9.0,-62.724229,138.29,106.253704,155.771111,124.893333,3206.531085,39.717239,175.900696,2929.098499,462.0,445.0,364.0,880.0,471.0,134.0,786.0,419.0,395.0,759.0,115.0,507.0,849.0,395.0,520.0,599.0,-0.870895,1
1930,3420,183.48,132.66,163.5,175.32,958.8096,2.9844,9.95,1020.1576,3.0,9.0,9.0,6.0,8.0,1.0,4.0,5.0,3.0,19.0,4.0,8.0,8.0,4.0,4.0,5.0,49.555771,122.294074,115.343704,146.985062,110.989506,1701.329323,98.07125,55.16632,1624.79631,371.0,494.0,341.0,805.0,437.0,127.0,746.0,409.0,393.0,906.0,118.0,501.0,897.0,461.0,519.0,575.0,-14.774723,2
1940,210,174.73,103.96,168.16,159.19,1019.3371,17.0184,52.9944,1000.5539,3.0,2.0,1.0,5.0,8.0,1.0,38.0,4.0,4.0,5.0,1.0,2.0,9.0,3.0,9.0,5.0,33.425771,156.982346,107.203457,154.832716,143.571358,2250.38154,27.862556,118.386707,2087.897254,335.0,502.0,282.0,741.0,481.0,113.0,984.0,403.0,295.0,1006.0,112.0,538.0,870.0,401.0,547.0,490.0,17.807129,1
1940,1360,142.56,107.01,156.35,128.89,2291.9864,14.7899,118.8475,2149.4179,4.0,5.0,3.0,6.0,8.0,0.0,24.0,10.0,2.0,4.0,3.0,5.0,11.0,1.0,8.0,6.0,3.125771,145.217531,106.429136,156.315185,131.62716,2851.210211,30.665225,163.314115,2651.264447,424.0,480.0,359.0,897.0,453.0,127.0,867.0,422.0,313.0,862.0,112.0,543.0,810.0,382.0,496.0,553.0,5.862932,1
1940,4550,116.76,129.0,144.4,108.06,137.5024,1.7,4.86,127.2964,4.0,6.0,5.0,3.0,9.0,3.0,10.0,7.0,4.0,11.0,1.0,6.0,13.0,1.0,10.0,7.0,-17.704229,85.004938,119.195802,141.02716,76.227284,365.00442,28.4466,15.58346,313.204268,326.0,424.0,317.0,805.0,487.0,143.0,877.0,480.0,272.0,713.0,97.0,553.0,811.0,456.0,659.0,680.0,-49.536945,2
1950,1490,89.67,111.43,141.66,78.6,806.3411,17.4651,46.5844,644.76,4.0,9.0,4.0,22.0,5.0,2.0,13.0,7.0,2.0,6.0,2.0,8.0,2.0,2.0,1.0,11.0,-47.164229,142.826173,106.428025,156.71321,129.469012,3260.135463,34.628276,205.281085,3002.035213,438.0,427.0,387.0,875.0,475.0,124.0,885.0,464.0,354.0,735.0,104.0,485.0,851.0,400.0,541.0,555.0,3.704784,1
1950,1940,116.8,108.28,150.99,103.61,1427.8,16.1416,31.5299,1207.8179,4.0,6.0,1.0,11.0,2.0,2.0,0.0,0.0,9.0,17.0,1.0,10.0,19.0,9.0,1.0,8.0,-22.154229,142.890494,106.87679,155.036049,130.023704,3508.919737,43.320128,167.430799,3165.737957,468.0,481.0,370.0,906.0,436.0,134.0,760.0,420.0,403.0,749.0,128.0,501.0,836.0,429.0,472.0,607.0,4.259475,1
1970,2300,163.68,99.72,166.52,146.34,1128.9776,4.7216,35.8496,1222.3244,5.0,3.0,4.0,4.0,9.0,1.0,13.0,6.0,4.0,23.0,3.0,7.0,3.0,3.0,5.0,7.0,20.575771,132.45963,105.735679,156.728765,119.361235,3956.773309,60.641369,257.038407,3451.645312,457.0,405.0,495.0,779.0,444.0,133.0,799.0,525.0,425.0,739.0,145.0,440.0,780.0,454.0,468.0,612.0,-6.402994,1
1970,2320,177.97,100.83,171.67,161.13,679.9691,1.1611,6.6811,767.2531,3.0,4.0,5.0,6.0,5.0,5.0,9.0,4.0,7.0,6.0,1.0,1.0,20.0,6.0,9.0,9.0,35.365771,144.742593,104.350988,159.634568,130.719259,3531.454359,47.148042,216.829422,3160.547111,479.0,410.0,469.0,787.0,417.0,135.0,781.0,508.0,444.0,746.0,141.0,467.0,790.0,486.0,455.0,585.0,4.95503,1
1980,3220,187.62,124.78,160.18,178.37,242.6956,2.6116,1.1876,276.5531,7.0,4.0,6.0,5.0,7.0,2.0,21.0,2.0,5.0,10.0,2.0,2.0,9.0,7.0,5.0,6.0,52.605771,139.657654,110.380741,153.081358,126.556914,1730.751071,83.243925,67.944862,1583.364292,393.0,442.0,368.0,874.0,479.0,121.0,788.0,403.0,373.0,828.0,122.0,490.0,902.0,411.0,526.0,580.0,0.792685,2
1980,3230,190.85,125.27,161.77,181.75,242.3275,8.1971,4.6571,284.8675,5.0,3.0,2.0,11.0,6.0,3.0,6.0,3.0,8.0,11.0,3.0,8.0,13.0,8.0,5.0,5.0,55.985771,137.818272,110.862469,152.364444,124.944691,1777.092901,82.038122,68.965699,1616.974225,393.0,428.0,377.0,858.0,498.0,118.0,769.0,399.0,372.0,812.0,121.0,488.0,934.0,413.0,526.0,594.0,-0.819537,2
1990,2750,107.59,105.63,152.09,92.92,563.3219,12.1531,38.9819,476.9936,3.0,3.0,11.0,13.0,6.0,2.0,16.0,5.0,0.0,4.0,0.0,4.0,13.0,1.0,9.0,10.0,-32.844229,105.054815,108.598765,148.521481,92.760864,1993.819958,40.726665,122.868057,1624.411333,422.0,428.0,414.0,898.0,488.0,135.0,833.0,476.0,350.0,610.0,130.0,469.0,863.0,424.0,552.0,608.0,-33.003365,1
1990,3230,165.5,120.84,158.43,154.75,709.03,9.5544,28.4851,760.7275,5.0,2.0,4.0,4.0,3.0,2.0,7.0,3.0,6.0,20.0,4.0,3.0,15.0,7.0,7.0,8.0,28.985771,133.900617,111.439383,151.828148,121.352716,1956.724321,82.590523,75.053183,1784.110777,406.0,434.0,372.0,809.0,505.0,119.0,773.0,396.0,367.0,836.0,122.0,493.0,920.0,436.0,533.0,579.0,-4.411513,2
2000,1490,199.44,101.45,165.29,184.68,432.5664,1.0675,4.1659,504.7576,3.0,4.0,5.0,13.0,9.0,1.0,9.0,4.0,3.0,4.0,2.0,2.0,22.0,3.0,4.0,12.0,58.915771,173.132346,104.358889,162.067778,158.938642,2181.182238,19.166631,106.511826,2132.81784,446.0,448.0,350.0,908.0,446.0,114.0,846.0,425.0,359.0,788.0,107.0,506.0,890.0,445.0,509.0,513.0,33.174413,1
2000,2220,61.9,113.79,139.2,54.49,957.95,33.3259,60.78,693.8299,4.0,6.0,7.0,11.0,8.0,2.0,9.0,9.0,5.0,3.0,2.0,2.0,15.0,5.0,6.0,6.0,-71.274229,123.00321,106.921975,155.300494,110.593086,4114.528138,76.856381,311.58921,3505.896397,433.0,411.0,449.0,879.0,428.0,130.0,784.0,491.0,421.0,787.0,114.0,467.0,781.0,470.0,473.0,582.0,-15.171142,1
2010,1960,212.2,101.57,173.7,197.89,179.22,2.5851,2.49,219.1779,6.0,6.0,7.0,6.0,5.0,4.0,8.0,7.0,6.0,9.0,1.0,11.0,7.0,7.0,5.0,5.0,72.125771,148.909753,105.422346,158.276173,135.174198,3137.831979,36.042735,153.914716,2883.083606,482.0,478.0,378.0,828.0,453.0,131.0,876.0,426.0,369.0,765.0,151.0,482.0,780.0,397.0,482.0,622.0,9.409969,1
2020,1930,160.16,103.8,158.27,145.11,1579.8144,4.92,55.6971,1633.9779,5.0,6.0,10.0,16.0,4.0,1.0,12.0,11.0,5.0,6.0,3.0,4.0,3.0,2.0,4.0,8.0,19.345771,148.901975,105.449506,159.078765,135.116173,3214.984959,41.668191,199.388117,2950.382924,453.0,449.0,436.0,858.0,442.0,137.0,893.0,476.0,347.0,768.0,143.0,463.0,772.0,405.0,485.0,573.0,9.351944,1
2020,2510,78.75,111.77,145.12,69.77,2175.1075,64.3771,144.9856,1614.0571,4.0,0.0,8.0,11.0,13.0,0.0,27.0,6.0,2.0,2.0,0.0,1.0,8.0,2.0,11.0,5.0,-55.994229,100.325926,109.792716,148.069753,89.391605,2954.349575,61.258638,196.555752,2432.457016,406.0,448.0,390.0,932.0,441.0,126.0,825.0,455.0,350.0,703.0,111.0,497.0,828.0,415.0,533.0,640.0,-36.372624,1
2040,1360,204.12,103.08,167.22,190.12,267.4856,4.8536,9.7716,305.8656,6.0,4.0,3.0,6.0,10.0,1.0,12.0,7.0,4.0,12.0,2.0,7.0,4.0,6.0,8.0,8.0,64.355771,169.029506,106.160494,158.450988,155.536173,2304.351352,22.091526,97.66266,2260.123506,442.0,416.0,384.0,890.0,464.0,125.0,912.0,433.0,325.0,802.0,115.0,504.0,872.0,383.0,503.0,530.0,29.771944,1
2040,3670,141.0,125.65,151.23,131.2,530.02,1.9075,5.6371,558.48,3.0,4.0,5.0,6.0,5.0,1.0,16.0,8.0,5.0,1.0,2.0,6.0,14.0,7.0,10.0,7.0,5.435771,130.779259,113.068642,150.481728,118.759753,1815.629298,58.420967,53.273864,1722.045491,346.0,497.0,361.0,1021.0,412.0,127.0,813.0,454.0,355.0,795.0,104.0,593.0,815.0,382.0,481.0,544.0,-7.004476,2
2040,3680,174.21,124.79,153.28,164.88,347.3659,9.1459,7.5216,360.9256,5.0,4.0,4.0,4.0,6.0,2.0,9.0,7.0,9.0,2.0,2.0,7.0,14.0,5.0,15.0,5.0,39.115771,127.278642,113.066543,149.407901,115.447654,1970.139766,66.039399,57.685715,1834.283556,350.0,491.0,359.0,1005.0,422.0,123.0,827.0,448.0,360.0,814.0,98.0,579.0,809.0,381.0,483.0,551.0,-10.316574,2
2040,3690,185.14,112.12,159.72,173.09,530.9604,28.2256,15.0616,586.7819,6.0,8.0,3.0,12.0,2.0,2.0,11.0,8.0,3.0,14.0,4.0,11.0,2.0,4.0,4.0,6.0,47.325771,125.875309,112.801852,148.693086,114.113333,2129.68223,78.088762,64.660372,1941.275551,343.0,467.0,354.0,964.0,433.0,126.0,881.0,443.0,355.0,793.0,92.0,551.0,863.0,382.0,513.0,540.0,-11.650895,2
2050,1430,190.27,104.65,158.28,176.82,1279.7571,3.0275,18.4616,1342.8876,5.0,9.0,4.0,10.0,4.0,2.0,3.0,5.0,4.0,21.0,1.0,9.0,9.0,3.0,5.0,6.0,51.055771,167.229136,105.447531,159.90037,153.830617,3054.654657,38.609963,152.056617,2875.361927,453.0,460.0,338.0,849.0,448.0,133.0,791.0,408.0,372.0,832.0,121.0,536.0,876.0,443.0,491.0,549.0,28.066388,1
2050,3670,177.73,128.35,155.44,169.02,265.9971,1.6075,2.5064,300.4996,3.0,12.0,4.0,8.0,4.0,2.0,12.0,7.0,5.0,5.0,1.0,6.0,11.0,5.0,6.0,9.0,43.255771,135.277037,114.051852,150.385926,123.345926,1580.08967,58.658299,48.961925,1516.130459,344.0,498.0,368.0,999.0,432.0,127.0,823.0,447.0,356.0,796.0,102.0,580.0,815.0,392.0,490.0,531.0,-2.418303,2
2050,3680,187.3,124.04,157.71,178.1,229.25,21.4584,9.5459,253.65,4.0,4.0,6.0,5.0,11.0,0.0,18.0,3.0,3.0,17.0,0.0,3.0,6.0,4.0,12.0,4.0,52.335771,131.028765,114.22716,149.135926,119.398519,1814.974605,65.528151,55.649549,1694.834516,348.0,501.0,363.0,994.0,427.0,127.0,813.0,439.0,366.0,841.0,96.0,582.0,795.0,397.0,477.0,534.0,-6.36571,2
2060,2410,69.41,113.33,140.24,60.56,350.9619,8.9411,19.9624,266.1064,1.0,10.0,3.0,10.0,4.0,1.0,6.0,3.0,10.0,11.0,2.0,13.0,8.0,8.0,5.0,5.0,-65.204229,111.98321,108.252222,151.957407,100.091728,3365.138484,66.61552,211.130902,2824.774178,408.0,507.0,408.0,811.0,426.0,153.0,816.0,446.0,393.0,796.0,139.0,544.0,759.0,415.0,481.0,598.0,-25.6725,1
2060,3670,159.46,128.58,154.24,150.44,780.7484,2.7836,3.4424,820.0664,2.0,6.0,2.0,8.0,8.0,1.0,6.0,2.0,10.0,19.0,1.0,3.0,12.0,11.0,5.0,4.0,24.675771,139.383827,114.749753,150.679259,127.501728,1380.605887,59.942932,50.691446,1317.925059,347.0,492.0,355.0,978.0,415.0,128.0,816.0,430.0,370.0,841.0,100.0,596.0,831.0,402.0,477.0,522.0,1.7375,2
2080,2750,89.58,108.16,147.66,76.89,260.9036,4.8544,18.2044,214.5179,6.0,2.0,8.0,6.0,9.0,0.0,14.0,4.0,6.0,1.0,1.0,6.0,14.0,4.0,9.0,10.0,-48.874229,99.981481,109.613704,146.710494,88.359877,1911.321385,38.614602,99.081742,1546.166168,416.0,412.0,358.0,898.0,484.0,122.0,785.0,427.0,406.0,732.0,107.0,470.0,921.0,422.0,499.0,641.0,-37.404352,1
2090,1040,219.14,102.78,166.53,206.39,124.3004,1.1316,7.5091,148.6579,7.0,8.0,6.0,9.0,3.0,2.0,7.0,4.0,6.0,11.0,1.0,7.0,10.0,8.0,7.0,4.0,80.625771,168.885432,106.198395,158.895432,155.644321,2723.216504,26.966936,141.965979,2582.003739,400.0,487.0,349.0,704.0,513.0,124.0,930.0,416.0,346.0,943.0,113.0,538.0,735.0,410.0,561.0,531.0,29.880092,1
2090,3340,175.32,123.14,160.77,165.0,332.7576,23.3004,4.8571,387.54,3.0,7.0,11.0,12.0,4.0,3.0,12.0,7.0,1.0,13.0,0.0,9.0,5.0,4.0,5.0,4.0,39.235771,121.154568,112.244444,151.515926,109.007037,1923.033393,88.730617,131.601598,1675.230444,411.0,446.0,367.0,795.0,491.0,142.0,842.0,444.0,363.0,729.0,109.0,537.0,887.0,406.0,541.0,590.0,-16.757192,2
2100,350,131.58,107.1,156.82,116.72,546.6636,1.85,28.0076,535.4616,2.0,4.0,5.0,11.0,4.0,1.0,21.0,6.0,3.0,12.0,0.0,0.0,10.0,6.0,8.0,7.0,-9.044229,147.50321,107.439753,155.27037,134.124938,2450.326533,19.874518,119.87332,2308.49402,333.0,519.0,350.0,800.0,473.0,101.0,1026.0,459.0,284.0,1012.0,101.0,550.0,677.0,362.0,541.0,512.0,8.360709,1
2100,3190,171.51,130.2,165.46,162.4,1258.2099,2.86,9.0284,1305.86,3.0,4.0,4.0,8.0,4.0,2.0,7.0,5.0,5.0,32.0,1.0,5.0,5.0,4.0,6.0,5.0,36.635771,119.680494,112.818148,147.560988,108.341481,2450.559644,83.454214,90.354429,2145.76586,428.0,495.0,347.0,903.0,434.0,126.0,674.0,423.0,377.0,772.0,145.0,551.0,882.0,436.0,469.0,638.0,-17.422747,2
2100,3340,175.21,120.12,161.79,164.25,396.1259,28.0056,2.5259,448.1475,7.0,8.0,5.0,8.0,1.0,3.0,11.0,4.0,8.0,16.0,0.0,6.0,7.0,8.0,3.0,5.0,38.485771,124.464321,111.147037,152.30679,111.955926,2031.872184,88.131096,121.603781,1773.449045,408.0,460.0,370.0,808.0,490.0,144.0,844.0,445.0,344.0,745.0,119.0,546.0,855.0,408.0,522.0,592.0,-13.808303,2
2120,1930,161.2,104.47,161.78,145.64,661.66,3.0091,9.9716,717.5104,4.0,5.0,10.0,17.0,4.0,3.0,9.0,7.0,3.0,2.0,2.0,2.0,14.0,0.0,8.0,10.0,19.875771,145.869753,105.64642,158.040988,132.166049,3171.656246,38.263623,178.243505,2925.012304,466.0,441.0,418.0,848.0,462.0,148.0,875.0,445.0,339.0,807.0,141.0,497.0,764.0,394.0,465.0,590.0,6.401821,1
2130,1380,113.73,106.01,150.62,99.96,1824.8571,16.9699,59.7756,1620.6384,2.0,4.0,4.0,21.0,12.0,1.0,14.0,4.0,2.0,2.0,1.0,4.0,10.0,7.0,9.0,3.0,-25.804229,138.848272,106.709012,155.74963,125.544074,3161.134139,41.55545,202.711636,2880.029045,445.0,460.0,366.0,841.0,478.0,119.0,843.0,431.0,348.0,823.0,106.0,490.0,827.0,403.0,523.0,597.0,-0.220155,1
2140,2010,104.41,113.56,143.03,94.59,2607.1819,9.0464,28.9291,2262.8219,5.0,3.0,6.0,19.0,7.0,1.0,6.0,4.0,3.0,1.0,1.0,6.0,21.0,4.0,4.0,9.0,-31.174229,134.017778,107.414074,153.780617,121.455926,3670.646104,45.067308,186.02434,3323.611267,435.0,440.0,412.0,811.0,473.0,119.0,881.0,438.0,373.0,863.0,112.0,477.0,765.0,428.0,499.0,574.0,-4.308303,1
2160,2310,47.8,119.79,134.53,44.46,957.5,23.7859,33.9891,700.8484,5.0,4.0,3.0,7.0,6.0,1.0,3.0,2.0,7.0,12.0,4.0,7.0,15.0,10.0,5.0,9.0,-81.304229,123.072099,107.356543,152.59963,110.682469,3623.670357,55.254605,190.459827,3178.229545,453.0,428.0,403.0,766.0,430.0,141.0,796.0,433.0,435.0,859.0,143.0,438.0,782.0,486.0,471.0,636.0,-15.08176,1
2170,2220,193.64,99.18,168.78,177.45,603.6304,3.6076,12.2116,667.1675,6.0,3.0,7.0,10.0,9.0,1.0,11.0,5.0,3.0,5.0,1.0,10.0,11.0,5.0,6.0,7.0,51.685771,147.90716,105.665062,157.816173,134.813457,3905.633603,52.590409,192.831763,3493.386807,448.0,437.0,369.0,807.0,435.0,120.0,880.0,450.0,367.0,967.0,121.0,488.0,731.0,423.0,501.0,556.0,9.049228,1
2180,410,182.51,105.32,153.09,168.78,901.5099,5.1776,16.4019,975.4116,6.0,8.0,5.0,16.0,2.0,0.0,9.0,3.0,2.0,16.0,0.0,8.0,12.0,4.0,5.0,4.0,43.015771,150.52716,108.100494,150.758519,137.548519,2332.364077,16.13558,66.894279,2235.731103,343.0,522.0,288.0,785.0,439.0,107.0,959.0,341.0,340.0,1204.0,93.0,569.0,728.0,415.0,467.0,500.0,11.78429,1
2190,4350,130.57,124.98,154.38,120.08,283.4251,9.7996,13.4556,279.7336,5.0,6.0,5.0,6.0,3.0,2.0,5.0,3.0,8.0,25.0,0.0,7.0,7.0,7.0,6.0,5.0,-5.684229,76.454938,116.14321,141.425062,67.970123,869.162784,34.548874,46.454014,708.835651,301.0,429.0,328.0,949.0,399.0,129.0,797.0,457.0,331.0,813.0,92.0,554.0,914.0,456.0,528.0,623.0,-57.794105,2
2210,440,82.59,113.02,138.37,72.14,242.1219,6.6196,4.4131,190.2604,5.0,10.0,4.0,13.0,6.0,0.0,7.0,4.0,2.0,17.0,0.0,7.0,6.0,3.0,9.0,7.0,-53.624229,138.338025,107.64,152.596543,124.847901,2116.306974,18.934598,105.247346,1976.856125,355.0,509.0,331.0,702.0,488.0,96.0,1113.0,387.0,282.0,1104.0,103.0,564.0,704.0,354.0,489.0,519.0,-0.916328,1
2220,2460,24.73,126.23,128.01,26.6,21.1371,1.1571,1.3499,12.12,6.0,5.0,4.0,5.0,4.0,1.0,7.0,10.0,5.0,12.0,1.0,12.0,6.0,7.0,6.0,9.0,-99.164229,87.870741,111.851728,144.832593,78.371111,2604.044156,60.173201,165.915432,2079.673881,430.0,432.0,409.0,808.0,443.0,159.0,734.0,428.0,380.0,761.0,141.0,493.0,838.0,468.0,502.0,674.0,-47.393118,1
2220,2740,154.63,104.04,161.49,138.67,530.6131,0.9984,5.5899,563.1811,6.0,7.0,8.0,8.0,3.0,2.0,14.0,10.0,2.0,11.0,2.0,8.0,4.0,5.0,5.0,5.0,12.905771,91.580988,110.981358,144.987531,81.073704,1991.212083,42.69706,106.87503,1590.711975,382.0,452.0,387.0,777.0,484.0,117.0,829.0,432.0,407.0,848.0,117.0,483.0,817.0,447.0,514.0,607.0,-44.690525,1
2230,2100,191.3,102.69,168.25,176.17,419.35,0.9139,4.5075,478.4011,8.0,5.0,4.0,15.0,3.0,3.0,8.0,5.0,5.0,9.0,1.0,3.0,9.0,10.0,4.0,8.0,50.405771,130.119506,108.076667,153.092469,117.818765,3499.819052,39.440665,156.805894,3116.701722,470.0,436.0,400.0,772.0,419.0,123.0,914.0,420.0,431.0,836.0,126.0,477.0,750.0,471.0,456.0,599.0,-7.945463,1
2230,4550,123.47,133.21,134.9,115.48,46.1891,0.1659,0.09,45.8496,4.0,2.0,2.0,1.0,10.0,1.0,13.0,6.0,3.0,12.0,0.0,5.0,12.0,5.0,13.0,11.0,-10.284229,124.780864,131.084198,137.04642,116.659259,239.069634,10.537355,6.421302,239.268834,275.0,363.0,248.0,673.0,442.0,142.0,915.0,582.0,202.0,619.0,94.0,625.0,760.0,488.0,795.0,877.0,-9.10497,0
2240,4540,122.65,131.59,136.39,114.55,25.1675,0.3019,0.7779,24.2475,2.0,3.0,3.0,11.0,3.0,1.0,12.0,9.0,4.0,10.0,1.0,5.0,11.0,5.0,8.0,12.0,-11.214229,123.778148,130.011358,137.304938,115.486296,298.441522,22.367525,9.050223,306.453269,274.0,339.0,249.0,677.0,464.0,138.0,971.0,589.0,209.0,603.0,99.0,562.0,770.0,464.0,823.0,869.0,-10.277933,0
2250,1900,196.4,104.02,167.09,182.16,353.48,1.7196,2.6219,411.5344,5.0,5.0,6.0,12.0,5.0,3.0,18.0,5.0,6.0,8.0,2.0,6.0,4.0,2.0,7.0,6.0,56.395771,157.822346,104.504568,160.240741,143.962469,3344.131772,32.642572,171.157846,3135.734394,466.0,430.0,409.0,856.0,457.0,144.0,926.0,493.0,359.0,764.0,121.0,476.0,717.0,376.0,519.0,587.0,18.19824,1
2250,4550,126.67,133.0,136.32,118.67,20.6211,0.0,0.2176,20.6211,3.0,4.0,4.0,4.0,5.0,5.0,9.0,5.0,3.0,10.0,1.0,6.0,9.0,8.0,15.0,9.0,-7.094229,130.24321,131.581235,137.462222,122.09679,210.540355,7.633524,5.59277,212.558286,270.0,359.0,240.0,698.0,423.0,142.0,938.0,599.0,192.0,641.0,106.0,650.0,678.0,471.0,799.0,894.0,-3.667439,0
2260,1020,146.29,104.41,158.24,130.44,483.1059,4.4419,17.0624,486.5064,5.0,3.0,4.0,14.0,7.0,2.0,17.0,7.0,2.0,11.0,0.0,9.0,4.0,2.0,8.0,5.0,4.675771,152.252716,107.719383,156.240247,139.088765,2604.650332,23.885822,129.608454,2473.921627,384.0,472.0,375.0,694.0,458.0,126.0,1123.0,421.0,323.0,1020.0,97.0,520.0,649.0,381.0,503.0,554.0,13.324537,1
2260,2250,60.24,114.4,137.44,53.03,465.8024,11.32,11.9464,314.6891,6.0,11.0,2.0,8.0,1.0,2.0,3.0,6.0,7.0,18.0,1.0,10.0,8.0,5.0,2.0,10.0,-72.734229,104.928642,108.652222,149.497778,93.005556,2552.328982,40.118186,158.192217,2169.23466,429.0,480.0,411.0,881.0,421.0,141.0,749.0,462.0,394.0,771.0,127.0,507.0,803.0,451.0,470.0,603.0,-32.758673,1
2280,640,64.88,115.95,136.93,57.53,340.8056,2.8275,4.0451,279.4891,4.0,3.0,6.0,7.0,11.0,2.0,19.0,7.0,4.0,6.0,0.0,4.0,3.0,5.0,10.0,9.0,-68.234229,139.523333,107.837284,152.646667,126.335926,2422.844764,21.755746,108.058612,2246.22382,351.0,490.0,340.0,854.0,514.0,98.0,970.0,408.0,338.0,992.0,114.0,535.0,673.0,362.0,504.0,557.0,0.571697,1
2290,4530,148.3,132.37,139.08,140.27,32.61,0.6331,0.3136,34.7771,3.0,5.0,2.0,7.0,4.0,0.0,5.0,6.0,3.0,11.0,0.0,9.0,17.0,12.0,4.0,12.0,14.505771,132.432716,130.025556,138.735432,123.976296,281.127695,25.394779,8.081485,299.396722,252.0,308.0,217.0,674.0,439.0,131.0,935.0,595.0,206.0,592.0,103.0,669.0,686.0,477.0,817.0,999.0,-1.787933,0
2290,4550,152.28,133.0,139.2,144.28,5.9416,0.32,0.16,5.9416,3.0,0.0,2.0,4.0,5.0,2.0,19.0,5.0,1.0,12.0,0.0,12.0,2.0,5.0,13.0,15.0,18.515771,137.880247,132.035802,138.032222,129.762963,168.161709,4.255508,2.93711,171.54727,237.0,341.0,198.0,650.0,393.0,129.0,841.0,602.0,201.0,649.0,103.0,729.0,647.0,507.0,798.0,1075.0,3.998734,0
2300,3180,195.71,125.82,168.54,186.27,156.3659,12.5076,3.2084,187.0771,7.0,6.0,1.0,9.0,9.0,4.0,12.0,4.0,3.0,4.0,2.0,3.0,11.0,4.0,12.0,9.0,60.505771,149.351235,108.915185,155.277901,135.578519,1372.343177,52.931695,48.587092,1398.30186,426.0,473.0,373.0,879.0,475.0,113.0,813.0,405.0,356.0,783.0,112.0,487.0,850.0,424.0,541.0,590.0,9.81429,2
2300,3620,155.74,127.38,166.85,144.91,854.4524,30.8756,13.1475,912.5619,3.0,6.0,1.0,8.0,4.0,2.0,3.0,2.0,6.0,37.0,0.0,10.0,5.0,7.0,0.0,6.0,19.145771,126.642593,110.357901,155.224074,113.053457,1257.186704,101.118203,72.525717,1144.584673,355.0,437.0,353.0,934.0,435.0,101.0,791.0,458.0,343.0,816.0,113.0,498.0,980.0,432.0,529.0,525.0,-12.710772,2
2300,4510,122.47,130.89,135.16,114.4,29.3091,0.8379,0.3744,28.32,3.0,3.0,4.0,3.0,8.0,0.0,16.0,3.0,2.0,12.0,3.0,7.0,10.0,7.0,8.0,11.0,-11.364229,127.376296,126.498889,140.914568,118.100494,365.069759,73.221357,29.046282,416.344469,287.0,327.0,232.0,720.0,491.0,128.0,986.0,586.0,211.0,508.0,106.0,627.0,711.0,437.0,832.0,911.0,-7.663735,0
2310,1620,171.21,100.21,170.3,153.79,508.3259,0.8259,7.53,571.1859,4.0,9.0,6.0,12.0,5.0,4.0,13.0,10.0,2.0,0.0,3.0,6.0,7.0,4.0,7.0,8.0,28.025771,151.836296,104.415679,160.793333,137.893086,3568.506781,46.919433,203.82519,3256.936965,467.0,462.0,404.0,816.0,445.0,137.0,881.0,469.0,339.0,821.0,125.0,530.0,744.0,417.0,468.0,575.0,12.128858,1
2310,4530,147.72,132.47,139.4,139.66,47.5816,0.2491,0.24,48.5444,6.0,2.0,1.0,4.0,6.0,0.0,23.0,9.0,1.0,1.0,2.0,4.0,9.0,1.0,13.0,18.0,13.895771,137.955309,131.13963,138.389753,129.721111,256.553311,11.932973,5.979821,266.856665,251.0,333.0,219.0,718.0,414.0,139.0,897.0,621.0,180.0,566.0,98.0,713.0,648.0,477.0,792.0,1034.0,3.956882,0
2310,4540,155.29,132.28,139.64,147.29,4.0259,0.4616,0.5104,4.0259,2.0,3.0,1.0,3.0,2.0,4.0,6.0,1.0,8.0,9.0,1.0,11.0,8.0,12.0,14.0,15.0,21.525771,140.19358,131.995679,137.998395,132.126296,212.264502,2.928994,2.944318,215.301704,241.0,345.0,205.0,725.0,394.0,132.0,837.0,621.0,184.0,573.0,100.0,742.0,634.0,492.0,788.0,1087.0,6.362067,0
2340,2010,42.66,119.41,131.72,39.19,186.9244,6.2619,4.1216,117.7139,4.0,2.0,6.0,21.0,3.0,2.0,11.0,14.0,4.0,6.0,4.0,7.0,5.0,1.0,3.0,7.0,-86.574229,101.943086,110.646296,146.242222,91.265679,2932.399353,44.765141,144.887007,2511.885464,442.0,431.0,440.0,777.0,443.0,126.0,923.0,504.0,356.0,751.0,136.0,474.0,778.0,411.0,494.0,614.0,-34.49855,1
2340,4490,124.8,130.15,137.35,116.44,35.72,0.4875,0.4475,33.7264,4.0,7.0,2.0,6.0,4.0,2.0,11.0,6.0,3.0,10.0,1.0,8.0,9.0,5.0,12.0,10.0,-9.324229,127.705556,126.174198,140.894938,118.468395,432.445772,61.764593,21.640197,481.996409,288.0,282.0,254.0,624.0,528.0,123.0,1005.0,576.0,209.0,455.0,105.0,473.0,914.0,452.0,859.0,953.0,-7.295834,0
2340,4530,165.37,133.2,140.8,157.57,5.1331,0.16,0.16,5.4251,5.0,2.0,4.0,11.0,2.0,0.0,19.0,15.0,0.0,3.0,1.0,7.0,4.0,3.0,12.0,12.0,31.805771,144.43679,131.893086,138.499877,136.358765,180.353412,3.00536,3.31642,185.608818,217.0,309.0,199.0,726.0,372.0,116.0,820.0,584.0,184.0,595.0,86.0,752.0,718.0,548.0,782.0,1092.0,10.594537,0
2340,4540,158.66,132.03,140.18,150.66,26.8844,1.1091,0.7876,27.8244,3.0,5.0,3.0,25.0,1.0,2.0,2.0,7.0,1.0,7.0,0.0,22.0,2.0,3.0,3.0,14.0,24.895771,145.569753,132.245556,138.501481,137.548765,150.347604,1.180567,2.854936,152.3654,205.0,322.0,187.0,709.0,346.0,119.0,740.0,570.0,188.0,665.0,87.0,810.0,699.0,566.0,758.0,1129.0,11.784537,0
2350,2160,74.64,114.54,139.3,65.72,440.2704,10.4484,7.45,347.6416,6.0,6.0,1.0,14.0,4.0,0.0,8.0,7.0,5.0,11.0,2.0,9.0,14.0,1.0,5.0,7.0,-60.044229,146.124444,106.90679,155.758148,133.28358,3567.000069,40.103534,163.661384,3268.862669,479.0,436.0,398.0,725.0,455.0,136.0,871.0,447.0,357.0,856.0,133.0,474.0,790.0,408.0,524.0,611.0,7.519351,1
2350,4520,162.4,131.76,140.49,154.55,6.72,0.4624,0.4299,7.1875,2.0,4.0,1.0,2.0,3.0,2.0,11.0,10.0,2.0,3.0,1.0,7.0,12.0,12.0,10.0,18.0,28.785771,143.684444,131.455309,138.76716,135.509259,207.918202,8.077138,4.990724,218.431149,234.0,294.0,191.0,659.0,417.0,115.0,846.0,566.0,186.0,572.0,82.0,663.0,744.0,556.0,834.0,1141.0,9.74503,0
2360,2300,54.3,118.42,133.94,49.1,338.83,4.1636,2.6764,244.43,6.0,5.0,7.0,5.0,6.0,0.0,8.0,6.0,6.0,11.0,1.0,8.0,9.0,5.0,9.0,8.0,-76.664229,120.83642,109.71321,149.990494,109.95321,4314.969167,51.908739,187.804478,3817.07744,433.0,438.0,424.0,909.0,423.0,123.0,727.0,489.0,403.0,761.0,131.0,494.0,804.0,445.0,454.0,642.0,-15.811019,1
2360,4510,151.26,132.21,139.4,143.26,20.3724,0.3859,1.38,20.3724,2.0,0.0,1.0,0.0,12.0,3.0,17.0,5.0,1.0,1.0,2.0,1.0,20.0,3.0,21.0,11.0,17.495771,142.032469,131.118889,138.710247,133.798642,248.120304,9.469199,4.960858,261.455628,221.0,298.0,203.0,622.0,436.0,129.0,894.0,568.0,178.0,555.0,87.0,622.0,717.0,555.0,863.0,1152.0,8.034413,0
2360,4530,159.96,131.58,140.4,152.04,7.1384,0.2436,0.44,7.7184,2.0,2.0,0.0,10.0,2.0,1.0,0.0,7.0,5.0,12.0,2.0,10.0,17.0,12.0,1.0,17.0,26.275771,146.590247,132.214198,138.61679,138.55642,135.792967,1.414737,2.638088,138.65373,200.0,315.0,182.0,666.0,362.0,125.0,770.0,559.0,171.0,718.0,86.0,740.0,645.0,560.0,814.0,1187.0,12.792191,0
2370,1680,102.35,108.79,146.5,89.59,934.5275,8.5059,27.59,813.1419,6.0,8.0,6.0,13.0,2.0,2.0,13.0,7.0,3.0,10.0,3.0,5.0,5.0,2.0,3.0,12.0,-36.174229,140.138889,105.748889,157.766296,126.825926,3718.592932,47.234227,196.606,3377.219822,422.0,448.0,371.0,771.0,465.0,139.0,912.0,423.0,396.0,836.0,121.0,480.0,789.0,407.0,510.0,610.0,1.061697,1
2370,2450,46.41,117.31,135.74,42.17,404.3219,4.3139,3.7124,300.4211,2.0,6.0,9.0,11.0,5.0,1.0,7.0,9.0,5.0,12.0,0.0,11.0,5.0,6.0,2.0,9.0,-83.594229,117.102222,108.521481,151.778765,104.969012,3060.78239,56.77744,162.047598,2588.537435,452.0,426.0,411.0,868.0,453.0,140.0,864.0,485.0,410.0,775.0,116.0,479.0,702.0,413.0,502.0,604.0,-20.795216,1
2380,620,195.01,102.52,156.05,180.61,309.9299,1.0896,4.4075,357.2779,6.0,9.0,5.0,8.0,3.0,1.0,8.0,4.0,1.0,16.0,1.0,12.0,8.0,5.0,7.0,6.0,54.845771,153.381235,106.978889,155.286543,139.985432,2544.493673,24.668073,140.043695,2374.324232,359.0,483.0,354.0,758.0,482.0,114.0,1000.0,401.0,320.0,1027.0,105.0,518.0,737.0,381.0,546.0,515.0,14.221203,1
2380,3320,171.5,130.55,152.6,163.13,305.67,1.9075,3.06,332.8731,7.0,4.0,3.0,13.0,8.0,1.0,7.0,6.0,7.0,3.0,1.0,4.0,15.0,4.0,8.0,9.0,37.365771,110.992963,122.85,142.949383,102.114691,1396.027975,42.621574,53.325833,1300.178574,388.0,461.0,363.0,998.0,424.0,111.0,599.0,421.0,394.0,803.0,104.0,557.0,883.0,484.0,507.0,603.0,-23.649537,2
2390,3320,183.1,129.91,157.65,174.65,177.67,3.2219,11.0475,192.6475,6.0,6.0,7.0,7.0,6.0,0.0,6.0,5.0,4.0,11.0,1.0,4.0,11.0,8.0,10.0,8.0,48.885771,109.932222,122.931111,142.553827,101.146296,1423.743925,45.850316,55.766115,1314.42835,379.0,467.0,363.0,1007.0,430.0,113.0,639.0,421.0,382.0,792.0,109.0,533.0,890.0,482.0,499.0,594.0,-24.617933,2
2390,3330,140.29,120.87,154.07,129.48,897.7459,13.5331,17.7651,926.4696,4.0,14.0,2.0,37.0,0.0,2.0,3.0,6.0,2.0,10.0,1.0,8.0,1.0,2.0,3.0,5.0,3.715771,104.472346,122.900494,141.412716,96.044815,1468.835408,41.182444,55.578431,1352.265276,394.0,469.0,362.0,1006.0,425.0,116.0,638.0,411.0,381.0,788.0,111.0,539.0,866.0,490.0,503.0,601.0,-29.719414,2
2390,4530,142.28,131.6,138.09,134.11,13.1216,0.68,1.0019,13.2179,1.0,5.0,1.0,4.0,4.0,2.0,1.0,0.0,5.0,15.0,3.0,10.0,9.0,16.0,4.0,20.0,8.345771,147.068395,132.372593,138.666543,139.050617,134.23952,0.848335,2.465473,135.726821,203.0,336.0,174.0,676.0,299.0,118.0,640.0,531.0,185.0,834.0,90.0,785.0,631.0,626.0,703.0,1269.0,13.286388,0
2390,4550,150.94,132.61,138.94,142.94,1.6564,0.5579,0.1364,1.6564,2.0,1.0,3.0,6.0,3.0,0.0,10.0,6.0,2.0,5.0,1.0,9.0,9.0,10.0,8.0,25.0,17.175771,139.93963,132.283827,138.345062,131.97642,322.112775,2.237343,3.075624,319.357592,215.0,409.0,176.0,715.0,255.0,115.0,488.0,464.0,227.0,1051.0,87.0,864.0,612.0,679.0,601.0,1142.0,6.212191,0
2400,3590,160.64,131.31,158.82,151.11,97.8104,5.3339,3.4276,108.9979,4.0,4.0,3.0,22.0,4.0,2.0,4.0,2.0,8.0,9.0,1.0,8.0,10.0,7.0,8.0,4.0,25.345771,111.690617,111.391111,147.188889,99.646049,1548.886505,51.492464,64.337407,1365.674842,368.0,399.0,365.0,814.0,483.0,129.0,866.0,454.0,325.0,690.0,108.0,500.0,993.0,427.0,611.0,568.0,-26.118179,2
2400,4460,131.78,129.01,137.64,122.98,39.7716,3.1099,3.1304,38.8796,3.0,7.0,6.0,12.0,6.0,0.0,11.0,9.0,2.0,1.0,0.0,6.0,18.0,4.0,7.0,8.0,-2.784229,128.182469,125.541728,140.508765,118.893951,565.601026,67.552209,18.18375,619.913568,260.0,272.0,259.0,655.0,528.0,130.0,1053.0,605.0,198.0,428.0,97.0,453.0,886.0,422.0,931.0,923.0,-6.870278,0
2400,4470,139.22,130.79,136.19,130.67,41.4116,1.8459,0.2539,42.2011,2.0,2.0,6.0,12.0,5.0,2.0,22.0,12.0,2.0,4.0,1.0,1.0,5.0,1.0,17.0,6.0,4.905771,134.130494,127.745432,139.842469,125.240988,449.00112,48.04285,15.369011,493.949085,251.0,279.0,238.0,646.0,504.0,137.0,1009.0,587.0,182.0,481.0,98.0,518.0,826.0,445.0,913.0,986.0,-0.523241,0
2400,4510,154.85,133.16,138.87,146.85,5.2275,0.6944,0.7531,5.2275,1.0,10.0,4.0,10.0,6.0,4.0,2.0,5.0,0.0,10.0,3.0,11.0,3.0,6.0,6.0,19.0,21.085771,147.751605,131.949506,138.344568,139.671481,111.690152,1.980784,3.280409,115.055162,197.0,299.0,188.0,600.0,372.0,136.0,769.0,556.0,179.0,677.0,91.0,673.0,678.0,618.0,815.0,1252.0,13.907253,0
2400,4550,149.1,133.25,138.2,141.09,3.71,0.2675,0.16,3.7619,4.0,5.0,0.0,4.0,3.0,1.0,6.0,5.0,0.0,14.0,1.0,6.0,6.0,18.0,8.0,19.0,15.325771,137.186543,132.01284,138.080617,129.206914,378.710016,5.292428,3.232143,375.594224,212.0,411.0,179.0,711.0,248.0,111.0,483.0,470.0,230.0,1125.0,82.0,860.0,584.0,684.0,579.0,1131.0,3.442685,0
2410,4480,152.28,132.73,137.62,144.34,10.8216,0.3171,0.6356,10.5244,3.0,5.0,2.0,7.0,9.0,3.0,16.0,12.0,1.0,1.0,2.0,4.0,11.0,3.0,11.0,10.0,18.575771,141.677901,130.18321,138.86642,133.271728,283.570203,19.481002,8.087835,306.813941,234.0,286.0,219.0,647.0,427.0,125.0,940.0,594.0,172.0,527.0,92.0,572.0,741.0,492.0,895.0,1137.0,7.5075,0
2430,890,171.41,107.26,160.7,158.46,2542.6019,19.9724,55.69,2466.9084,9.0,3.0,1.0,8.0,8.0,3.0,8.0,3.0,4.0,14.0,1.0,4.0,19.0,6.0,6.0,3.0,32.695771,146.776173,107.728272,154.248889,133.968519,3092.883111,38.803818,139.932128,2806.185799,375.0,491.0,331.0,840.0,417.0,124.0,969.0,414.0,320.0,1023.0,104.0,515.0,754.0,383.0,502.0,538.0,8.20429,1
2430,4490,163.47,130.32,141.82,155.37,17.8691,0.2176,0.3476,18.2931,1.0,6.0,1.0,26.0,0.0,2.0,2.0,9.0,0.0,13.0,1.0,20.0,0.0,6.0,1.0,12.0,29.605771,149.035926,131.758025,138.321235,140.940741,127.474388,3.394287,3.678537,132.894513,193.0,291.0,213.0,663.0,363.0,127.0,864.0,653.0,166.0,583.0,91.0,667.0,591.0,558.0,811.0,1266.0,15.176512,0
2440,4490,161.68,130.56,142.26,153.56,7.7376,0.4064,1.4524,7.6664,2.0,12.0,2.0,8.0,0.0,4.0,1.0,3.0,1.0,13.0,0.0,16.0,1.0,14.0,2.0,21.0,27.795771,151.001975,131.866173,138.35284,142.956173,102.258762,1.770238,3.418961,105.541413,198.0,299.0,198.0,680.0,360.0,130.0,814.0,646.0,167.0,598.0,84.0,669.0,617.0,576.0,845.0,1219.0,17.191944,0
2450,1670,98.21,109.49,153.81,87.38,3426.6459,54.0099,153.9739,2893.6756,5.0,7.0,0.0,5.0,1.0,3.0,2.0,1.0,6.0,26.0,0.0,11.0,9.0,11.0,5.0,8.0,-38.384229,147.758025,104.474691,160.622593,133.682716,3451.302436,43.333557,202.444107,3162.490195,440.0,452.0,368.0,798.0,465.0,129.0,859.0,404.0,388.0,849.0,140.0,490.0,783.0,448.0,481.0,606.0,7.918487,1
2450,1780,189.19,102.65,170.16,174.18,1362.8139,3.8075,3.5544,1502.4076,5.0,1.0,4.0,0.0,12.0,1.0,16.0,3.0,3.0,16.0,3.0,3.0,11.0,7.0,11.0,4.0,48.415771,122.30679,108.697654,152.408272,110.91679,4295.485016,64.684019,215.147018,3746.415298,426.0,439.0,397.0,698.0,463.0,125.0,853.0,432.0,390.0,887.0,130.0,494.0,766.0,454.0,485.0,661.0,-14.847439,1
2450,4520,151.36,133.32,137.4,143.68,3.7704,0.2176,0.24,3.2776,4.0,5.0,3.0,14.0,4.0,1.0,4.0,14.0,1.0,5.0,1.0,11.0,2.0,1.0,6.0,24.0,17.915771,143.558395,131.942469,137.872963,135.645062,406.58659,2.718666,5.010158,396.559327,217.0,449.0,186.0,787.0,242.0,134.0,511.0,536.0,221.0,995.0,93.0,937.0,487.0,641.0,535.0,1129.0,9.880833,0
2460,440,179.64,107.18,157.21,166.01,392.7504,0.5276,2.0059,443.4499,4.0,7.0,6.0,6.0,9.0,0.0,12.0,6.0,4.0,12.0,3.0,5.0,7.0,4.0,7.0,8.0,40.245771,141.778642,109.523457,151.426914,129.34963,2513.635322,16.341549,89.58935,2326.857265,383.0,474.0,315.0,677.0,430.0,101.0,1185.0,420.0,346.0,1068.0,94.0,528.0,636.0,431.0,496.0,516.0,3.585401,1
2460,3380,179.2,119.04,157.34,168.58,256.5,9.2584,6.2644,292.2436,4.0,6.0,4.0,18.0,3.0,0.0,17.0,7.0,5.0,7.0,3.0,6.0,4.0,3.0,5.0,8.0,42.815771,129.734444,117.248765,148.294691,118.875062,1590.558493,47.708857,67.114515,1483.174514,375.0,438.0,406.0,1055.0,407.0,135.0,780.0,451.0,333.0,735.0,113.0,506.0,842.0,431.0,499.0,594.0,-6.889167,2
2460,4470,160.18,132.82,140.35,152.28,3.4276,0.4676,0.2275,3.8216,4.0,1.0,2.0,5.0,7.0,1.0,9.0,17.0,3.0,1.0,0.0,4.0,9.0,4.0,12.0,21.0,26.515771,149.223457,131.494444,138.515802,141.113086,139.858215,3.565525,3.399133,145.975853,216.0,258.0,198.0,568.0,396.0,131.0,874.0,638.0,184.0,582.0,88.0,626.0,677.0,599.0,865.0,1200.0,15.348858,0
2460,4480,158.04,133.08,139.42,150.05,6.5784,0.2536,0.5036,6.7075,0.0,8.0,1.0,8.0,1.0,5.0,2.0,5.0,6.0,14.0,2.0,9.0,3.0,12.0,2.0,22.0,24.285771,151.54358,131.879753,138.529136,143.514198,96.075261,1.456899,3.234583,98.604119,210.0,280.0,182.0,595.0,367.0,119.0,839.0,635.0,187.0,634.0,78.0,656.0,642.0,619.0,826.0,1231.0,17.749969,0
2460,4530,151.48,133.15,137.6,143.56,16.0296,0.3075,0.24,15.7664,1.0,6.0,3.0,26.0,0.0,0.0,1.0,8.0,2.0,9.0,2.0,25.0,0.0,5.0,2.0,10.0,17.795771,133.681358,130.887037,137.385309,125.844198,804.993899,14.654523,4.665735,786.208565,227.0,461.0,182.0,773.0,239.0,139.0,494.0,531.0,229.0,1093.0,82.0,952.0,494.0,623.0,507.0,1074.0,0.079969,0
2470,400,133.08,108.08,154.15,119.36,1299.2736,19.2536,35.5275,1091.1104,2.0,7.0,5.0,5.0,4.0,0.0,32.0,7.0,2.0,13.0,2.0,6.0,3.0,3.0,3.0,6.0,-6.404229,134.733333,109.702716,150.777778,122.607778,2830.737284,21.824462,105.299259,2571.559372,369.0,488.0,315.0,621.0,458.0,104.0,1192.0,407.0,321.0,1092.0,87.0,523.0,653.0,413.0,496.0,561.0,-3.156451,1
2470,670,147.06,110.88,154.1,135.03,2748.0564,6.6656,37.25,2685.2091,8.0,6.0,2.0,4.0,3.0,0.0,6.0,1.0,6.0,35.0,1.0,9.0,5.0,8.0,1.0,5.0,9.265771,132.874321,110.448642,151.483457,121.679259,3908.573341,35.090819,178.015899,3530.600088,356.0,462.0,330.0,643.0,458.0,120.0,1065.0,400.0,345.0,1043.0,117.0,520.0,715.0,425.0,520.0,581.0,-4.08497,1
2470,1410,199.29,103.56,174.28,184.48,395.8459,1.8264,22.5616,434.0496,6.0,0.0,2.0,2.0,8.0,0.0,18.0,3.0,4.0,16.0,1.0,1.0,13.0,6.0,12.0,8.0,58.715771,128.191728,108.065185,154.636667,116.018148,3871.957685,53.075257,213.412557,3427.568436,404.0,460.0,368.0,692.0,481.0,107.0,895.0,434.0,374.0,961.0,124.0,473.0,770.0,446.0,501.0,610.0,-9.746081,1
2470,4480,154.21,131.91,139.09,146.21,5.3459,0.3219,0.9419,5.3459,2.0,5.0,3.0,2.0,3.0,1.0,2.0,1.0,3.0,15.0,3.0,14.0,5.0,17.0,2.0,22.0,20.445771,152.051235,131.920988,138.652593,144.029012,90.032807,1.364868,2.900296,92.086936,201.0,290.0,175.0,580.0,349.0,121.0,794.0,640.0,190.0,658.0,72.0,697.0,609.0,632.0,830.0,1262.0,18.264784,0
2470,4540,136.22,132.22,136.23,128.18,54.7516,0.4516,1.8171,54.2876,4.0,11.0,3.0,11.0,2.0,3.0,2.0,3.0,2.0,24.0,2.0,14.0,4.0,2.0,1.0,12.0,2.415771,121.500494,128.937901,136.963457,113.72284,1171.388271,33.324415,4.008294,1150.612935,239.0,480.0,187.0,789.0,240.0,142.0,459.0,483.0,257.0,1199.0,84.0,972.0,482.0,599.0,492.0,996.0,-12.041389,0
2480,670,57.06,117.89,135.06,51.13,215.3764,1.9979,10.1564,155.6131,4.0,5.0,4.0,6.0,5.0,0.0,9.0,8.0,6.0,12.0,3.0,6.0,14.0,5.0,6.0,7.0,-74.634229,129.105679,110.403457,151.244198,117.917037,3881.839202,38.020926,186.651479,3492.003488,352.0,462.0,332.0,661.0,469.0,120.0,1062.0,406.0,332.0,1023.0,124.0,512.0,708.0,420.0,526.0,591.0,-7.847192,1
2480,4450,151.53,132.11,138.44,143.53,9.9291,0.4579,1.8464,9.9291,2.0,2.0,1.0,2.0,4.0,0.0,15.0,8.0,1.0,1.0,0.0,2.0,6.0,5.0,34.0,17.0,17.765771,145.023951,130.264321,138.918889,136.654444,275.253254,22.808036,5.074285,301.072567,222.0,270.0,228.0,544.0,431.0,117.0,923.0,636.0,189.0,493.0,79.0,576.0,701.0,574.0,908.0,1209.0,10.890216,0
2480,4500,157.2,131.59,137.92,149.3,7.98,0.2619,0.0736,8.43,5.0,1.0,1.0,1.0,8.0,2.0,15.0,5.0,4.0,6.0,0.0,5.0,6.0,13.0,15.0,13.0,23.535771,147.785185,132.066667,138.351235,139.801605,255.46299,1.98716,2.578733,255.200022,186.0,381.0,156.0,698.0,254.0,134.0,534.0,562.0,214.0,955.0,71.0,920.0,538.0,672.0,653.0,1172.0,14.037376,0
2490,2060,190.05,101.14,166.8,174.54,604.7075,2.4404,3.24,673.4484,4.0,4.0,11.0,7.0,7.0,5.0,14.0,8.0,4.0,9.0,1.0,6.0,6.0,3.0,4.0,7.0,48.775771,110.629877,109.045185,150.343951,99.188642,3481.669181,58.696477,209.936019,3006.130587,410.0,439.0,412.0,800.0,454.0,150.0,849.0,442.0,386.0,841.0,121.0,492.0,754.0,432.0,514.0,604.0,-26.575587,1
2490,4420,134.62,129.74,137.65,126.02,36.6756,0.1924,0.4475,37.7796,4.0,4.0,6.0,9.0,9.0,1.0,14.0,8.0,5.0,1.0,1.0,5.0,7.0,3.0,11.0,12.0,0.255771,133.549506,126.184815,140.424444,124.306543,532.994463,70.923498,13.739353,599.462451,296.0,300.0,298.0,616.0,488.0,125.0,1038.0,636.0,200.0,435.0,98.0,554.0,716.0,437.0,860.0,1003.0,-1.457686,0
2490,4510,159.47,132.71,138.64,151.53,12.0891,0.2459,0.6104,12.5691,0.0,0.0,5.0,1.0,3.0,2.0,4.0,5.0,7.0,4.0,1.0,5.0,19.0,12.0,10.0,22.0,25.765771,139.391605,131.177037,137.934815,131.414938,586.154794,11.313349,3.163158,585.711406,215.0,456.0,166.0,782.0,245.0,129.0,463.0,543.0,246.0,999.0,85.0,966.0,519.0,637.0,564.0,1085.0,5.650709,0
2490,4520,155.01,132.76,138.74,147.13,83.7899,1.0024,1.9924,86.8931,1.0,11.0,2.0,7.0,4.0,1.0,0.0,1.0,4.0,33.0,0.0,10.0,5.0,10.0,4.0,7.0,21.365771,131.595556,130.111605,137.659136,123.657901,887.553215,22.461618,4.347886,882.697166,229.0,478.0,172.0,816.0,236.0,129.0,429.0,520.0,255.0,1076.0,91.0,972.0,527.0,626.0,513.0,1031.0,-2.106328,0
2500,330,85.14,113.32,143.31,74.74,315.0804,4.2576,10.1339,252.9924,2.0,7.0,2.0,8.0,7.0,0.0,3.0,4.0,3.0,23.0,1.0,6.0,10.0,6.0,9.0,9.0,-51.024229,128.319012,109.759877,150.522222,116.150617,2652.618478,26.332094,115.974938,2355.646944,352.0,483.0,331.0,762.0,461.0,104.0,1110.0,458.0,290.0,1025.0,89.0,571.0,662.0,378.0,510.0,514.0,-9.613612,1
2500,2300,180.33,102.04,161.6,164.97,918.3211,1.6184,4.8,1017.0891,5.0,6.0,2.0,22.0,5.0,0.0,1.0,0.0,4.0,13.0,1.0,7.0,21.0,8.0,1.0,4.0,39.205771,132.653704,109.252593,152.149259,121.237407,4116.999462,53.680395,144.970438,3636.977095,446.0,417.0,402.0,814.0,440.0,130.0,895.0,452.0,394.0,764.0,121.0,455.0,840.0,434.0,484.0,612.0,-4.526821,1
2500,4480,145.57,131.67,137.8,137.57,4.3051,0.2211,0.16,4.3051,5.0,0.0,3.0,7.0,1.0,1.0,16.0,10.0,1.0,9.0,3.0,11.0,0.0,6.0,10.0,17.0,11.805771,151.530864,132.108148,138.73679,143.527407,129.795961,0.990032,2.617634,131.705792,198.0,334.0,177.0,649.0,298.0,108.0,634.0,636.0,201.0,817.0,84.0,830.0,546.0,647.0,682.0,1259.0,17.763179,0
2500,4500,155.67,132.6,138.12,147.67,1.8611,0.24,0.1056,1.8611,1.0,1.0,1.0,4.0,4.0,5.0,13.0,14.0,1.0,5.0,0.0,4.0,8.0,9.0,11.0,19.0,21.905771,143.092099,131.562346,138.125185,135.106173,443.594975,5.568088,2.304329,441.750456,201.0,422.0,165.0,765.0,248.0,124.0,474.0,550.0,229.0,994.0,88.0,966.0,528.0,672.0,561.0,1113.0,9.341944,0
2510,840,145.22,107.67,153.08,130.83,532.9716,3.7611,8.7336,561.0811,5.0,6.0,3.0,4.0,6.0,3.0,21.0,2.0,5.0,19.0,1.0,5.0,6.0,2.0,5.0,7.0,5.065771,146.14679,107.334074,154.315432,132.687778,2319.863267,19.573827,105.696182,2179.664863,384.0,480.0,331.0,769.0,432.0,124.0,1061.0,411.0,332.0,1161.0,88.0,533.0,633.0,376.0,457.0,528.0,6.923549,1
2510,4190,159.65,128.48,158.06,149.74,119.2075,20.7496,1.6364,138.3724,4.0,7.0,5.0,7.0,7.0,2.0,7.0,5.0,8.0,15.0,1.0,6.0,7.0,7.0,4.0,8.0,23.975771,132.570247,111.272346,152.254074,119.175432,625.729016,42.973729,23.627298,605.111569,300.0,443.0,318.0,906.0,479.0,109.0,755.0,420.0,330.0,881.0,92.0,563.0,929.0,469.0,593.0,513.0,-6.588797,2
2520,4420,147.8,132.19,137.74,139.79,17.1,0.4339,0.3124,17.2859,2.0,4.0,2.0,3.0,5.0,1.0,14.0,5.0,1.0,7.0,1.0,5.0,11.0,13.0,14.0,12.0,14.025771,142.949383,129.406543,140.199012,134.302222,331.214475,35.689414,10.842122,367.84718,245.0,296.0,252.0,622.0,395.0,115.0,981.0,607.0,202.0,555.0,98.0,612.0,729.0,490.0,841.0,1060.0,8.537993,0
2520,4470,148.75,132.78,138.6,140.75,4.9875,0.2916,0.24,4.9875,1.0,2.0,2.0,4.0,1.0,1.0,13.0,3.0,0.0,11.0,1.0,11.0,4.0,9.0,21.0,16.0,14.985771,151.482716,132.275556,139.073086,143.480494,125.520072,0.832958,3.470955,127.308385,198.0,320.0,167.0,656.0,278.0,94.0,618.0,613.0,201.0,851.0,82.0,842.0,561.0,641.0,706.0,1272.0,17.716265,0
2520,4500,153.18,132.83,137.98,145.18,17.3676,0.1411,0.0196,17.3676,2.0,5.0,1.0,12.0,1.0,2.0,1.0,1.0,4.0,22.0,0.0,15.0,16.0,3.0,6.0,9.0,19.415771,136.548519,130.973333,137.904815,128.556543,612.312831,11.189659,3.163162,610.075198,223.0,454.0,155.0,788.0,245.0,118.0,401.0,486.0,245.0,1082.0,81.0,974.0,549.0,680.0,549.0,1070.0,2.792314,0
2520,4520,117.9,131.86,136.78,109.86,21.25,0.4804,2.4516,20.6004,2.0,9.0,3.0,18.0,0.0,2.0,4.0,4.0,5.0,8.0,1.0,16.0,5.0,10.0,2.0,11.0,-15.904229,118.963086,128.082963,137.390247,111.067407,1176.922958,38.039784,4.375485,1163.177925,266.0,513.0,165.0,854.0,242.0,119.0,349.0,430.0,270.0,1152.0,89.0,978.0,605.0,644.0,457.0,967.0,-14.696821,0
2530,1970,192.88,102.29,167.78,177.81,440.6656,3.7059,29.2916,497.1939,7.0,4.0,2.0,6.0,2.0,1.0,19.0,3.0,3.0,22.0,1.0,6.0,6.0,4.0,4.0,10.0,52.045771,144.867778,106.556667,156.434938,131.588148,3127.735727,31.365554,127.136878,2897.98544,445.0,430.0,388.0,804.0,440.0,129.0,898.0,429.0,385.0,880.0,123.0,488.0,742.0,441.0,484.0,594.0,5.823919,1
2530,3400,171.35,128.0,153.55,162.53,403.9475,7.82,10.2275,443.7091,3.0,3.0,5.0,12.0,10.0,0.0,19.0,9.0,4.0,2.0,0.0,8.0,8.0,4.0,7.0,6.0,36.765771,112.412593,117.868519,146.085556,102.013333,1252.466064,51.220367,34.564409,1185.039081,369.0,493.0,385.0,983.0,385.0,119.0,650.0,450.0,366.0,820.0,112.0,563.0,835.0,481.0,480.0,609.0,-23.750895,2
2530,3410,175.07,122.63,158.57,164.91,299.1451,7.6931,3.0851,333.3419,7.0,3.0,3.0,10.0,2.0,0.0,10.0,8.0,8.0,11.0,2.0,4.0,16.0,3.0,6.0,7.0,39.145771,105.173704,117.15284,145.572963,94.813827,1128.943284,52.771208,33.999738,1066.073735,371.0,487.0,381.0,945.0,404.0,120.0,670.0,454.0,362.0,765.0,110.0,561.0,867.0,477.0,503.0,623.0,-30.950402,2
2530,4400,143.53,131.79,137.5,135.27,17.2891,1.4459,0.29,18.5371,6.0,8.0,4.0,9.0,4.0,0.0,12.0,8.0,2.0,8.0,0.0,16.0,1.0,5.0,5.0,12.0,9.505771,135.289877,125.740123,141.877901,125.778395,463.805601,82.104439,20.757808,540.145336,266.0,304.0,292.0,632.0,435.0,133.0,1117.0,609.0,202.0,476.0,97.0,513.0,821.0,428.0,837.0,938.0,0.014166,0
2530,4420,150.63,132.42,137.72,142.63,53.7531,0.3236,0.6416,53.7531,1.0,0.0,0.0,2.0,9.0,3.0,34.0,7.0,1.0,4.0,1.0,3.0,7.0,3.0,18.0,7.0,16.865771,145.648642,130.157901,140.151235,137.145556,255.49877,25.358894,9.399227,282.08906,231.0,287.0,262.0,640.0,363.0,116.0,1009.0,631.0,184.0,587.0,97.0,638.0,691.0,489.0,802.0,1073.0,11.381327,0
2530,4440,167.85,132.38,142.08,160.02,4.0675,0.2356,0.3136,4.9996,4.0,5.0,2.0,15.0,4.0,2.0,11.0,9.0,1.0,5.0,0.0,11.0,3.0,1.0,6.0,21.0,34.255771,151.426049,132.078765,139.320741,143.368889,123.783791,2.36071,3.621076,128.750094,207.0,281.0,223.0,627.0,333.0,106.0,908.0,671.0,180.0,633.0,82.0,720.0,581.0,558.0,798.0,1192.0,17.60466,0
2530,4470,150.94,132.68,138.52,142.94,16.2164,0.2576,0.2496,16.2164,3.0,2.0,6.0,9.0,5.0,1.0,15.0,14.0,4.0,2.0,1.0,5.0,5.0,5.0,15.0,8.0,17.175771,150.70642,132.309012,139.103827,142.702222,154.262946,0.835252,3.673047,155.753798,194.0,350.0,176.0,700.0,254.0,99.0,595.0,617.0,190.0,905.0,86.0,902.0,520.0,629.0,637.0,1246.0,16.937993,0
2530,4500,148.86,131.98,138.99,140.72,39.0204,0.5396,0.3299,40.8416,6.0,9.0,0.0,15.0,1.0,1.0,1.0,3.0,0.0,19.0,4.0,21.0,1.0,8.0,0.0,11.0,14.955771,132.753086,130.55963,137.790988,124.748272,695.941997,16.397062,3.138166,694.016756,222.0,486.0,166.0,818.0,230.0,123.0,391.0,494.0,245.0,1091.0,85.0,994.0,523.0,658.0,512.0,1062.0,-1.015957,0
2540,800,195.76,102.28,171.26,180.53,250.4224,2.5816,1.6324,288.8291,4.0,5.0,7.0,15.0,5.0,1.0,11.0,4.0,5.0,10.0,0.0,6.0,8.0,7.0,6.0,6.0,54.765771,141.890494,109.274074,154.043827,130.088272,3747.012082,61.437476,169.454993,3241.495541,376.0,466.0,329.0,645.0,436.0,136.0,949.0,407.0,345.0,1082.0,102.0,521.0,724.0,486.0,503.0,593.0,4.324043,1
2540,970,203.48,103.36,175.31,188.9,354.9096,2.9504,4.5339,403.81,5.0,4.0,3.0,13.0,4.0,1.0,9.0,7.0,4.0,5.0,2.0,3.0,13.0,5.0,10.0,12.0,63.135771,149.232346,107.447901,156.388025,136.343333,3225.864534,42.195434,189.593017,2897.330394,386.0,448.0,388.0,765.0,456.0,111.0,1230.0,488.0,305.0,857.0,109.0,473.0,616.0,371.0,500.0,597.0,10.579105,1
2540,4470,154.2,132.51,138.68,146.2,5.9,0.2499,0.2176,5.9,1.0,4.0,2.0,3.0,9.0,1.0,14.0,10.0,0.0,3.0,0.0,4.0,11.0,3.0,16.0,19.0,20.435771,149.83716,132.218025,139.080123,141.83963,191.474594,1.106292,4.048272,192.79638,196.0,373.0,184.0,715.0,245.0,99.0,559.0,599.0,186.0,985.0,78.0,947.0,504.0,629.0,605.0,1196.0,16.075401,0
2550,1890,134.03,109.58,149.34,120.39,705.3491,5.8036,5.5644,718.8979,8.0,2.0,2.0,0.0,6.0,1.0,18.0,3.0,4.0,23.0,1.0,1.0,9.0,8.0,8.0,6.0,-5.374229,151.313704,106.664444,155.729136,138.26358,3252.470602,32.24197,118.051077,3045.917809,403.0,461.0,397.0,883.0,428.0,122.0,898.0,443.0,398.0,882.0,111.0,520.0,761.0,405.0,440.0,548.0,12.499351,1
2550,4460,150.07,132.59,139.66,142.07,10.1451,0.2619,0.3844,10.1451,2.0,2.0,6.0,5.0,4.0,1.0,15.0,18.0,2.0,0.0,1.0,2.0,4.0,2.0,19.0,17.0,16.305771,152.630741,132.26963,139.371975,144.636667,123.411919,0.80409,3.737313,124.82589,183.0,367.0,179.0,660.0,256.0,98.0,630.0,599.0,192.0,902.0,79.0,920.0,537.0,622.0,675.0,1201.0,18.872438,0
2560,4440,156.63,132.72,141.28,148.63,13.4331,0.3816,0.2816,13.4331,0.0,7.0,0.0,9.0,1.0,2.0,0.0,4.0,4.0,32.0,0.0,18.0,1.0,10.0,0.0,12.0,22.865771,154.854321,132.113704,139.784444,146.842222,77.222481,0.968676,3.13156,78.900538,198.0,327.0,181.0,589.0,313.0,103.0,816.0,585.0,180.0,779.0,72.0,796.0,575.0,610.0,764.0,1212.0,21.077993,0
2570,4390,138.59,130.74,138.8,130.31,30.8619,0.3924,0.16,31.7539,4.0,6.0,6.0,15.0,2.0,1.0,14.0,9.0,1.0,7.0,2.0,6.0,5.0,6.0,4.0,12.0,4.545771,140.256049,127.261235,141.126914,131.17,441.48555,60.213485,15.493769,505.297149,255.0,293.0,261.0,597.0,426.0,132.0,1061.0,568.0,222.0,575.0,88.0,560.0,780.0,465.0,819.0,998.0,5.405771,0
2570,4400,141.46,131.57,138.51,133.46,68.1084,0.2451,0.2899,68.1084,2.0,0.0,1.0,2.0,5.0,0.0,52.0,7.0,1.0,2.0,1.0,2.0,5.0,4.0,10.0,6.0,7.695771,145.430494,129.237901,140.522469,136.784321,322.06912,35.00402,10.555915,363.986939,237.0,297.0,235.0,578.0,394.0,130.0,1052.0,567.0,207.0,640.0,84.0,609.0,719.0,498.0,797.0,1056.0,11.020092,0
2570,4410,159.65,132.58,140.39,151.69,17.9075,0.3036,0.9979,18.3739,4.0,3.0,5.0,5.0,4.0,5.0,11.0,13.0,3.0,2.0,1.0,2.0,11.0,3.0,15.0,13.0,25.925771,149.15037,130.617284,140.073827,140.823951,226.861092,14.607109,6.302945,247.455673,218.0,302.0,216.0,562.0,360.0,129.0,1003.0,550.0,197.0,710.0,84.0,650.0,690.0,536.0,796.0,1097.0,15.059722,0
2580,1190,122.4,107.89,149.38,108.66,1159.92,16.5579,63.8756,975.9644,4.0,6.0,3.0,11.0,6.0,1.0,18.0,2.0,5.0,8.0,1.0,3.0,11.0,7.0,7.0,7.0,-17.104229,142.022099,104.58321,159.704815,127.641605,2910.372475,39.364558,180.015952,2622.865257,396.0,478.0,372.0,816.0,409.0,106.0,1012.0,435.0,351.0,995.0,88.0,534.0,708.0,395.0,461.0,544.0,1.877376,1
2580,2150,79.26,109.25,142.5,68.41,1052.8924,28.2275,45.23,820.4419,6.0,6.0,9.0,10.0,4.0,1.0,16.0,8.0,5.0,6.0,2.0,4.0,3.0,4.0,6.0,10.0,-57.354229,125.133827,108.007531,152.11963,113.28716,4053.371226,52.089203,157.580133,3620.026181,459.0,431.0,355.0,844.0,408.0,116.0,753.0,427.0,360.0,917.0,123.0,510.0,865.0,451.0,500.0,581.0,-12.477068,1
2580,4110,141.23,121.05,165.02,128.88,304.5771,29.6475,33.8796,328.8856,1.0,8.0,1.0,4.0,1.0,0.0,1.0,1.0,5.0,33.0,0.0,10.0,9.0,14.0,6.0,6.0,3.115771,139.142716,108.830494,154.898889,124.88679,703.306546,34.580033,36.437801,680.544344,298.0,456.0,371.0,983.0,435.0,115.0,874.0,460.0,338.0,754.0,97.0,533.0,918.0,435.0,516.0,517.0,-0.877439,2
2580,4390,145.22,130.17,137.84,136.78,22.1916,0.1611,0.2144,24.7116,7.0,5.0,0.0,10.0,3.0,0.0,8.0,6.0,3.0,10.0,2.0,11.0,6.0,7.0,8.0,14.0,11.015771,142.804074,128.182469,140.726667,133.948272,388.509391,46.594606,12.480598,439.686337,239.0,287.0,243.0,597.0,407.0,129.0,1002.0,562.0,229.0,612.0,87.0,585.0,775.0,497.0,816.0,1033.0,8.184043,0
2580,4410,163.44,131.02,141.98,155.44,3.7464,0.0196,0.4196,3.7464,4.0,4.0,2.0,6.0,4.0,3.0,9.0,7.0,1.0,4.0,1.0,7.0,10.0,6.0,12.0,20.0,29.675771,150.471852,130.908272,139.95716,142.230988,192.114393,9.05245,4.922486,206.237139,201.0,298.0,206.0,553.0,345.0,126.0,936.0,536.0,206.0,746.0,85.0,662.0,699.0,571.0,795.0,1135.0,16.466759,0
2580,4420,163.25,131.04,142.14,155.25,4.4875,0.0384,0.2804,4.4875,3.0,1.0,2.0,8.0,3.0,2.0,2.0,6.0,4.0,12.0,0.0,16.0,6.0,7.0,3.0,25.0,29.485771,153.185185,131.432222,139.90037,145.071111,125.850645,2.826147,3.333407,131.459635,194.0,291.0,202.0,531.0,335.0,125.0,917.0,563.0,193.0,738.0,83.0,655.0,678.0,586.0,814.0,1195.0,19.306882,0
2580,4440,148.34,132.01,139.9,140.33,4.5244,0.3499,0.09,4.5611,2.0,1.0,0.0,5.0,5.0,0.0,9.0,7.0,2.0,9.0,0.0,11.0,10.0,13.0,8.0,18.0,14.565771,154.901481,131.784568,139.916543,146.857531,80.122393,1.156675,3.052541,81.595011,182.0,343.0,170.0,606.0,288.0,109.0,719.0,548.0,208.0,884.0,70.0,819.0,578.0,635.0,712.0,1229.0,21.093302,0
2580,4490,132.36,132.9,135.68,124.37,27.4904,0.15,0.8976,26.7931,4.0,10.0,5.0,15.0,2.0,1.0,3.0,6.0,2.0,12.0,3.0,17.0,3.0,6.0,5.0,6.0,-1.394229,126.145926,128.810617,137.77963,118.13,1004.363644,24.254505,4.932301,996.48026,233.0,516.0,191.0,808.0,232.0,122.0,423.0,476.0,246.0,1161.0,90.0,968.0,525.0,624.0,492.0,993.0,-7.634229,0
2590,4390,150.88,131.03,137.84,142.8,22.4056,1.0691,0.1344,23.96,3.0,6.0,1.0,6.0,5.0,1.0,18.0,7.0,3.0,3.0,2.0,4.0,14.0,6.0,6.0,15.0,17.035771,145.069259,128.985802,140.476296,136.376543,318.66545,37.324366,11.024747,360.304388,244.0,297.0,239.0,589.0,388.0,129.0,994.0,573.0,231.0,622.0,84.0,630.0,689.0,520.0,795.0,1076.0,10.612314,0
2590,4470,160.04,130.72,140.2,151.77,27.9784,0.2016,0.16,31.3171,2.0,7.0,1.0,17.0,2.0,0.0,3.0,13.0,3.0,17.0,0.0,16.0,4.0,3.0,0.0,12.0,26.005771,138.989259,130.494815,138.633827,130.915802,627.83507,11.355652,4.951843,624.516121,218.0,450.0,173.0,687.0,240.0,121.0,503.0,464.0,237.0,1169.0,72.0,936.0,505.0,686.0,567.0,1072.0,5.151574,0
2600,4420,155.81,131.36,140.4,147.73,21.3739,0.3504,0.24,22.1971,3.0,10.0,4.0,11.0,1.0,2.0,6.0,4.0,4.0,17.0,2.0,11.0,4.0,5.0,1.0,15.0,21.965771,154.334321,131.491358,139.90321,146.240864,91.517859,1.417827,2.389644,94.12754,204.0,307.0,204.0,537.0,321.0,123.0,885.0,552.0,201.0,789.0,78.0,706.0,580.0,598.0,763.0,1252.0,20.476635,0
2600,4470,157.79,130.61,140.22,149.63,49.6059,0.3179,0.1716,51.4331,3.0,10.0,1.0,14.0,2.0,0.0,2.0,1.0,2.0,27.0,1.0,15.0,6.0,9.0,0.0,7.0,23.865771,135.72321,129.77321,138.492222,127.621975,765.454251,16.571653,4.137347,761.171418,219.0,462.0,181.0,752.0,247.0,138.0,491.0,464.0,248.0,1149.0,77.0,934.0,503.0,664.0,534.0,1037.0,1.857746,0
2600,4490,129.09,131.23,136.23,120.72,14.7219,0.8771,0.4371,13.6216,3.0,4.0,5.0,8.0,3.0,3.0,8.0,5.0,1.0,9.0,2.0,11.0,4.0,6.0,7.0,21.0,-5.044229,118.208272,127.108889,137.77358,110.207901,1243.701932,32.622711,4.30429,1227.434061,238.0,520.0,199.0,827.0,248.0,148.0,405.0,437.0,285.0,1183.0,85.0,931.0,536.0,634.0,476.0,948.0,-15.556328,0
2610,3580,153.29,125.68,155.13,143.15,236.3459,3.5776,4.6331,244.0075,1.0,3.0,5.0,2.0,12.0,2.0,18.0,4.0,2.0,3.0,1.0,5.0,13.0,9.0,12.0,8.0,17.385771,102.08284,114.39679,147.950864,91.345679,1531.760668,61.183792,84.329684,1287.905444,344.0,438.0,381.0,933.0,405.0,123.0,706.0,427.0,349.0,818.0,103.0,512.0,1003.0,501.0,499.0,558.0,-34.41855,2
2610,4360,146.72,132.07,137.22,138.72,8.6816,0.2451,0.2516,8.6816,2.0,3.0,2.0,7.0,7.0,0.0,15.0,15.0,4.0,5.0,2.0,3.0,5.0,6.0,8.0,16.0,12.955771,135.079136,125.331111,141.337407,125.701605,638.472133,74.891847,15.065539,713.671578,263.0,268.0,278.0,631.0,446.0,123.0,1218.0,592.0,213.0,548.0,90.0,502.0,725.0,435.0,812.0,956.0,-0.062624,0
2620,3580,165.27,124.72,158.44,155.06,407.1171,5.1016,6.3464,435.5364,6.0,3.0,3.0,5.0,7.0,2.0,18.0,4.0,5.0,6.0,2.0,4.0,12.0,6.0,8.0,9.0,29.295771,99.972469,115.035185,147.103827,89.801975,1787.116156,64.007527,100.496998,1477.361033,344.0,457.0,369.0,978.0,400.0,118.0,681.0,431.0,347.0,758.0,111.0,531.0,1006.0,487.0,505.0,577.0,-35.962254,2
2620,3590,150.26,122.7,161.97,139.06,684.9924,14.65,6.8291,731.3764,6.0,9.0,4.0,17.0,2.0,1.0,4.0,5.0,3.0,18.0,2.0,11.0,7.0,3.0,3.0,5.0,13.295771,98.517901,115.309012,146.64642,88.541481,1809.685729,59.221425,104.03424,1505.751736,354.0,440.0,367.0,953.0,408.0,119.0,696.0,449.0,340.0,730.0,109.0,525.0,1029.0,497.0,514.0,570.0,-37.222747,2
2620,4440,159.09,130.52,140.64,150.85,5.2019,0.2496,0.2304,5.8675,3.0,3.0,1.0,4.0,7.0,1.0,10.0,8.0,1.0,4.0,0.0,3.0,9.0,9.0,19.0,18.0,25.085771,150.08284,130.93284,139.430741,141.931728,202.83252,2.19302,2.876314,205.893487,211.0,391.0,176.0,693.0,272.0,116.0,532.0,467.0,249.0,1041.0,84.0,917.0,526.0,659.0,583.0,1183.0,16.1675,0
2630,510,129.06,107.05,152.22,114.4,563.3764,5.0275,17.8316,530.72,2.0,6.0,5.0,20.0,0.0,0.0,3.0,9.0,4.0,20.0,0.0,8.0,8.0,8.0,2.0,5.0,-11.364229,125.384691,109.113457,150.85358,112.768395,2384.430778,28.198609,142.282512,2109.771051,346.0,462.0,327.0,686.0,471.0,91.0,1165.0,442.0,329.0,1122.0,83.0,534.0,611.0,385.0,486.0,560.0,-12.995834,1
2630,1210,148.98,107.44,156.22,136.49,3854.8596,33.7264,67.6116,3641.5899,4.0,4.0,5.0,5.0,3.0,2.0,7.0,6.0,9.0,28.0,1.0,4.0,9.0,3.0,4.0,6.0,10.725771,129.530988,106.977284,154.439877,116.608519,3405.939163,54.610348,220.243422,3016.567113,379.0,473.0,370.0,702.0,425.0,125.0,1023.0,429.0,374.0,1112.0,102.0,559.0,608.0,408.0,453.0,558.0,-9.15571,1
2630,4400,163.32,131.71,142.47,155.33,5.6776,0.2659,0.7491,5.6411,5.0,5.0,1.0,10.0,1.0,1.0,2.0,2.0,5.0,15.0,2.0,13.0,4.0,14.0,8.0,12.0,29.565771,154.77284,131.505926,139.704074,146.684321,68.23062,1.801817,3.556255,70.158248,221.0,309.0,197.0,571.0,335.0,115.0,843.0,604.0,216.0,775.0,83.0,752.0,541.0,565.0,755.0,1218.0,20.920092,0
2630,4420,145.02,132.36,137.76,137.02,7.3596,0.4504,0.2624,7.3596,3.0,6.0,3.0,7.0,4.0,0.0,9.0,5.0,1.0,12.0,1.0,12.0,4.0,10.0,10.0,13.0,11.255771,154.63,131.31642,139.742222,146.517778,85.330384,1.266422,3.373551,87.075116,217.0,359.0,186.0,604.0,282.0,119.0,676.0,542.0,218.0,916.0,86.0,828.0,525.0,612.0,677.0,1253.0,20.753549,0
2630,4450,158.14,131.38,139.68,150.16,10.3004,0.2356,0.8976,10.4344,4.0,6.0,2.0,9.0,3.0,2.0,2.0,3.0,2.0,11.0,2.0,12.0,8.0,12.0,7.0,15.0,24.395771,141.879877,130.026049,138.619383,133.69679,504.890879,8.61105,3.984884,505.539422,236.0,435.0,192.0,740.0,264.0,128.0,486.0,458.0,255.0,1101.0,94.0,924.0,505.0,641.0,536.0,1105.0,7.932561,0
2640,1330,176.58,105.87,159.36,162.52,895.6436,7.7331,24.9904,918.1696,7.0,3.0,3.0,9.0,1.0,2.0,9.0,5.0,6.0,12.0,1.0,6.0,12.0,10.0,6.0,8.0,36.755771,157.440741,106.208272,159.165185,144.248519,3353.539575,35.273783,166.251479,3093.610955,415.0,434.0,324.0,694.0,462.0,111.0,943.0,420.0,374.0,1031.0,112.0,522.0,721.0,460.0,514.0,563.0,18.48429,1
2640,1470,193.99,104.06,161.53,180.06,537.2499,2.6364,5.5291,603.8564,3.0,5.0,6.0,9.0,4.0,0.0,22.0,9.0,4.0,3.0,1.0,3.0,13.0,4.0,6.0,8.0,54.295771,139.534815,107.671358,155.323333,126.799383,3390.390269,38.763352,167.124221,3096.67395,421.0,427.0,406.0,736.0,461.0,108.0,1076.0,475.0,342.0,939.0,115.0,459.0,641.0,426.0,497.0,571.0,1.035154,1
2650,210,149.89,108.27,148.66,135.73,395.4379,1.5571,4.6244,394.0371,5.0,9.0,6.0,4.0,6.0,1.0,11.0,11.0,2.0,14.0,2.0,11.0,6.0,2.0,6.0,4.0,9.965771,133.910494,109.248765,149.789506,121.315185,2333.989643,27.467375,106.987915,2045.543498,325.0,497.0,332.0,626.0,464.0,84.0,1106.0,432.0,317.0,1308.0,89.0,565.0,579.0,384.0,472.0,520.0,-4.449044,1
2650,1160,182.34,102.59,165.99,166.91,778.4444,2.6019,23.4499,836.6419,5.0,6.0,3.0,25.0,5.0,0.0,5.0,5.0,3.0,6.0,1.0,6.0,12.0,5.0,9.0,4.0,41.145771,145.98,106.050988,158.426914,132.820247,3800.367501,52.256536,223.317004,3414.012874,412.0,478.0,328.0,668.0,426.0,109.0,924.0,444.0,393.0,1055.0,105.0,526.0,700.0,438.0,500.0,594.0,7.056018,1
2650,4420,153.95,131.43,138.56,145.95,8.1075,0.3051,0.2464,8.1075,2.0,1.0,2.0,2.0,6.0,1.0,18.0,13.0,1.0,6.0,1.0,3.0,7.0,3.0,15.0,19.0,20.185771,153.271728,131.291481,139.694691,145.167654,151.825299,1.697384,4.409132,152.949423,218.0,392.0,184.0,707.0,257.0,106.0,595.0,562.0,229.0,1014.0,89.0,889.0,495.0,597.0,613.0,1153.0,19.403426,0
2660,930,100.71,109.78,149.34,88.21,657.7059,6.1916,23.6444,561.6059,2.0,3.0,4.0,3.0,8.0,1.0,20.0,4.0,8.0,8.0,2.0,1.0,10.0,5.0,12.0,9.0,-37.554229,133.696543,107.383457,154.920494,120.664568,3032.861,36.794936,170.481827,2709.382917,384.0,416.0,371.0,623.0,454.0,109.0,1220.0,445.0,335.0,1008.0,83.0,467.0,684.0,399.0,522.0,580.0,-5.099661,1
2660,1800,112.06,107.44,152.87,98.28,1045.7364,9.0664,33.0731,963.1416,1.0,9.0,4.0,20.0,0.0,1.0,10.0,8.0,5.0,20.0,0.0,5.0,7.0,2.0,0.0,8.0,-27.484229,133.92,106.782099,157.182963,120.774691,3389.078044,40.193877,198.278129,3044.463434,409.0,439.0,401.0,813.0,443.0,119.0,846.0,460.0,385.0,825.0,130.0,469.0,816.0,438.0,496.0,611.0,-4.989537,1
2660,2350,86.08,110.47,143.93,74.75,505.6936,6.8091,16.1051,420.7875,4.0,4.0,8.0,4.0,4.0,0.0,23.0,9.0,2.0,6.0,1.0,5.0,10.0,4.0,7.0,9.0,-51.014229,125.315185,108.482346,153.217654,112.79716,3052.336831,56.640799,155.667318,2725.04935,441.0,437.0,397.0,802.0,416.0,138.0,906.0,437.0,403.0,760.0,132.0,474.0,829.0,441.0,475.0,612.0,-12.967068,1
2660,4460,132.57,130.49,136.51,124.07,37.8051,0.3499,0.8299,36.6251,3.0,10.0,1.0,20.0,2.0,2.0,1.0,1.0,4.0,17.0,0.0,21.0,4.0,8.0,2.0,4.0,-1.694229,122.577284,127.012963,138.163704,114.434815,1233.040817,38.56835,5.126041,1232.514393,240.0,528.0,203.0,874.0,252.0,124.0,372.0,421.0,277.0,1177.0,96.0,929.0,543.0,622.0,442.0,1000.0,-11.329414,0
2670,830,169.74,100.75,164.68,153.05,650.0924,2.3675,12.6576,691.7675,4.0,6.0,5.0,12.0,2.0,1.0,12.0,7.0,1.0,17.0,2.0,11.0,4.0,5.0,2.0,9.0,27.285771,132.131111,106.635556,155.103827,118.319259,2273.306514,28.8736,133.591813,2025.779308,402.0,441.0,367.0,693.0,435.0,93.0,1119.0,425.0,335.0,1098.0,80.0,544.0,622.0,419.0,476.0,551.0,-7.44497,1
2670,1010,190.96,101.03,168.53,175.13,410.9184,1.4091,5.2291,458.9731,6.0,8.0,1.0,10.0,2.0,2.0,8.0,3.0,5.0,15.0,2.0,10.0,9.0,5.0,8.0,6.0,49.365771,163.557901,104.888642,159.848272,149.551852,2539.038499,27.207846,115.758337,2352.444595,404.0,431.0,339.0,711.0,415.0,120.0,1037.0,416.0,346.0,1062.0,86.0,517.0,742.0,413.0,505.0,556.0,23.787623,1
2670,2300,89.01,112.49,143.06,78.87,1491.7299,9.1099,24.4164,1345.9131,7.0,5.0,8.0,11.0,6.0,2.0,8.0,9.0,6.0,7.0,1.0,3.0,7.0,4.0,7.0,9.0,-46.894229,130.114321,107.630864,154.067654,117.210494,3031.551375,50.553615,140.396657,2716.870137,412.0,421.0,396.0,837.0,453.0,132.0,892.0,423.0,388.0,846.0,130.0,454.0,813.0,422.0,490.0,591.0,-8.553735,1
2670,4320,135.65,127.38,140.85,126.57,61.7475,4.1556,1.0275,68.4451,3.0,2.0,2.0,3.0,12.0,0.0,23.0,6.0,2.0,2.0,0.0,2.0,15.0,3.0,17.0,8.0,0.805771,125.41284,124.072346,140.468642,116.231728,1016.016971,59.049828,8.352967,1071.648648,274.0,297.0,281.0,631.0,489.0,111.0,1129.0,577.0,235.0,490.0,77.0,489.0,854.0,439.0,882.0,845.0,-9.5325,0
2670,4330,148.2,130.48,139.17,139.97,13.9,0.8096,0.7811,14.6291,3.0,3.0,2.0,7.0,4.0,0.0,15.0,12.0,2.0,2.0,1.0,5.0,11.0,6.0,13.0,14.0,14.205771,133.854568,126.144815,140.544074,124.958519,890.554158,47.978164,7.402132,944.47902,265.0,280.0,265.0,604.0,479.0,114.0,1164.0,588.0,215.0,479.0,79.0,508.0,803.0,449.0,900.0,908.0,-0.80571,0
2670,4380,164.83,132.15,142.96,156.83,5.3011,0.5275,0.0384,5.3011,2.0,6.0,2.0,8.0,1.0,4.0,5.0,7.0,2.0,14.0,4.0,10.0,3.0,5.0,4.0,23.0,31.065771,158.202593,131.590123,140.715062,150.185926,97.971672,1.602372,4.609181,100.848641,226.0,305.0,198.0,646.0,309.0,86.0,857.0,670.0,206.0,728.0,83.0,728.0,544.0,565.0,763.0,1186.0,24.421697,0
2670,4420,162.14,129.52,139.08,153.66,5.5004,0.2496,0.0736,5.0644,4.0,2.0,2.0,5.0,4.0,0.0,10.0,14.0,5.0,3.0,1.0,5.0,5.0,13.0,7.0,20.0,27.895771,150.664074,131.332963,139.431235,142.600617,263.004808,1.845555,6.031691,262.058395,221.0,423.0,177.0,713.0,242.0,98.0,523.0,537.0,232.0,1100.0,96.0,905.0,482.0,617.0,584.0,1150.0,16.836388,0
2680,4210,148.22,124.41,153.33,137.78,184.8316,12.2419,3.5411,196.4116,1.0,10.0,1.0,20.0,1.0,1.0,3.0,4.0,7.0,18.0,2.0,4.0,15.0,7.0,2.0,4.0,12.015771,103.838148,116.49321,142.900494,93.248765,746.185779,42.091188,34.043926,674.482437,291.0,469.0,280.0,875.0,402.0,116.0,635.0,388.0,346.0,857.0,103.0,603.0,1097.0,524.0,517.0,597.0,-32.515463,2
2680,4320,139.3,131.27,138.87,131.0,35.95,2.5571,1.9931,38.66,1.0,0.0,3.0,1.0,4.0,1.0,35.0,5.0,2.0,4.0,1.0,2.0,13.0,5.0,19.0,4.0,5.235771,129.281605,124.601235,140.978025,120.106173,994.606254,62.449381,11.619517,1048.143789,262.0,301.0,293.0,602.0,474.0,120.0,1117.0,595.0,231.0,507.0,75.0,476.0,857.0,444.0,899.0,847.0,-5.658056,0
2680,4330,149.59,131.82,138.14,141.59,6.3019,0.5476,0.2404,6.3019,3.0,1.0,3.0,3.0,7.0,2.0,11.0,5.0,2.0,4.0,0.0,5.0,16.0,7.0,13.0,18.0,15.825771,137.327531,126.833086,140.922716,128.498889,823.877538,44.517819,7.574768,875.341357,253.0,284.0,276.0,578.0,472.0,120.0,1116.0,598.0,218.0,518.0,79.0,490.0,805.0,465.0,908.0,920.0,2.73466,0
2680,4380,160.63,133.7,142.34,152.7,18.5931,0.73,0.5244,18.17,1.0,8.0,1.0,6.0,2.0,2.0,0.0,3.0,5.0,26.0,1.0,10.0,6.0,21.0,0.0,8.0,26.935771,159.412099,131.627037,141.028148,151.412716,91.822026,1.496331,4.720442,94.515468,214.0,301.0,187.0,665.0,309.0,88.0,842.0,675.0,205.0,747.0,89.0,704.0,573.0,570.0,764.0,1167.0,25.648487,0
2680,4390,150.89,133.52,142.1,142.89,9.6179,0.3696,0.21,9.6179,1.0,5.0,2.0,18.0,2.0,2.0,2.0,10.0,2.0,21.0,1.0,7.0,2.0,11.0,4.0,10.0,17.125771,159.500988,131.583333,140.990617,151.493704,95.165555,1.646265,4.707072,97.979837,208.0,312.0,191.0,716.0,290.0,83.0,766.0,666.0,199.0,835.0,89.0,772.0,535.0,552.0,714.0,1172.0,25.729475,0
2680,4410,161.76,129.87,140.12,153.67,6.6424,0.1131,0.9456,6.8411,0.0,2.0,0.0,11.0,6.0,1.0,11.0,17.0,2.0,6.0,2.0,8.0,7.0,5.0,11.0,11.0,27.905771,153.83037,131.304815,140.091605,145.753086,219.01888,2.820792,4.924448,222.677058,215.0,379.0,175.0,750.0,252.0,93.0,602.0,595.0,214.0,1041.0,101.0,863.0,466.0,581.0,623.0,1150.0,19.988858,0
2690,1020,163.33,106.93,153.13,149.41,1138.2011,6.7451,12.5531,1153.6819,7.0,3.0,2.0,9.0,4.0,0.0,11.0,1.0,4.0,27.0,0.0,6.0,6.0,11.0,5.0,4.0,23.645771,148.85642,106.136667,156.317531,135.575556,3289.823953,34.357989,148.287569,3017.882563,397.0,434.0,346.0,718.0,399.0,109.0,1036.0,438.0,362.0,1104.0,95.0,514.0,719.0,416.0,479.0,534.0,9.811327,1
2690,4360,170.51,131.43,143.28,162.74,7.5499,0.4051,0.2816,8.1924,2.0,5.0,4.0,22.0,2.0,1.0,9.0,16.0,0.0,4.0,0.0,10.0,1.0,2.0,8.0,14.0,36.975771,156.228889,131.492963,141.279012,148.115926,131.243412,2.881802,4.882646,137.739524,212.0,300.0,215.0,576.0,351.0,112.0,900.0,603.0,211.0,698.0,73.0,663.0,695.0,578.0,824.0,1089.0,22.351697,0
2690,4410,169.77,130.6,141.74,161.97,6.4771,0.24,0.3924,7.7291,3.0,5.0,2.0,13.0,2.0,4.0,8.0,16.0,2.0,3.0,2.0,6.0,6.0,6.0,6.0,16.0,36.205771,152.825309,131.047778,140.134321,144.723333,293.555779,5.115865,5.216032,300.31074,212.0,394.0,177.0,779.0,240.0,93.0,589.0,574.0,212.0,1079.0,97.0,873.0,472.0,579.0,604.0,1126.0,18.959105,0
2700,920,197.39,100.25,167.27,181.92,386.1179,2.1875,10.6971,435.5536,6.0,6.0,4.0,7.0,6.0,1.0,12.0,7.0,4.0,9.0,0.0,8.0,11.0,5.0,9.0,5.0,56.155771,158.28679,105.378765,159.269753,144.215556,2394.445529,22.694315,127.851307,2215.696499,423.0,448.0,383.0,654.0,453.0,110.0,1260.0,479.0,316.0,866.0,104.0,503.0,602.0,370.0,523.0,606.0,18.451327,1
2700,1830,129.73,103.29,157.81,113.36,471.5571,2.7859,13.5739,461.0304,2.0,4.0,12.0,16.0,2.0,3.0,12.0,12.0,2.0,3.0,2.0,7.0,7.0,3.0,4.0,9.0,-12.404229,143.368148,105.575309,157.684074,129.44,2841.750393,29.246551,148.527969,2622.125659,444.0,438.0,435.0,883.0,431.0,116.0,935.0,479.0,359.0,803.0,129.0,456.0,731.0,381.0,466.0,614.0,3.675771,1
2700,4310,134.97,126.17,142.48,125.59,40.0491,7.3611,1.0296,45.3419,3.0,3.0,7.0,4.0,6.0,2.0,18.0,7.0,5.0,4.0,1.0,4.0,5.0,3.0,21.0,7.0,-0.174229,128.784074,123.250494,142.015679,119.096173,879.678685,86.54108,20.346544,926.500751,273.0,310.0,273.0,578.0,472.0,125.0,1042.0,531.0,235.0,531.0,82.0,488.0,922.0,504.0,912.0,822.0,-6.668056,0
2700,4330,148.47,130.58,139.7,139.87,15.7091,0.3436,0.21,16.9531,3.0,5.0,2.0,7.0,8.0,0.0,9.0,2.0,5.0,10.0,0.0,7.0,13.0,5.0,13.0,11.0,14.105771,141.95716,127.918395,141.672716,133.200741,684.524708,43.213464,7.606836,730.262666,241.0,298.0,240.0,562.0,440.0,123.0,998.0,560.0,216.0,555.0,84.0,536.0,836.0,529.0,928.0,954.0,7.436512,0
2700,4360,178.26,130.42,144.51,170.56,21.8324,0.2436,0.5699,24.1864,4.0,8.0,2.0,28.0,1.0,4.0,1.0,9.0,1.0,10.0,0.0,13.0,0.0,4.0,4.0,11.0,44.795771,156.841728,131.658025,141.479383,148.751728,113.16137,2.34651,4.634266,118.254287,200.0,305.0,201.0,579.0,339.0,107.0,914.0,595.0,210.0,661.0,74.0,657.0,703.0,600.0,847.0,1108.0,22.9875,0
2700,4370,165.08,131.98,143.87,157.11,23.6736,0.5596,0.6331,24.0579,2.0,5.0,3.0,26.0,2.0,0.0,2.0,7.0,2.0,9.0,2.0,18.0,2.0,5.0,1.0,14.0,31.345771,159.358765,131.756667,141.534444,151.350864,90.900176,1.738443,4.417949,94.305783,203.0,311.0,190.0,607.0,314.0,99.0,857.0,625.0,211.0,691.0,76.0,691.0,661.0,606.0,811.0,1147.0,25.586635,0
2700,4400,163.44,131.14,141.01,155.44,3.8664,0.1404,0.0099,3.8664,1.0,0.0,1.0,1.0,4.0,1.0,17.0,10.0,1.0,1.0,2.0,1.0,10.0,4.0,18.0,28.0,29.675771,156.619136,131.310741,140.849136,148.539136,179.378523,3.719366,5.325388,186.32674,205.0,400.0,166.0,776.0,248.0,90.0,658.0,585.0,224.0,1011.0,75.0,846.0,512.0,577.0,628.0,1099.0,22.774907,0
2700,4430,153.79,131.66,139.7,145.76,85.0459,1.4244,3.11,85.2424,2.0,8.0,2.0,7.0,2.0,0.0,0.0,3.0,1.0,36.0,1.0,17.0,2.0,4.0,1.0,14.0,19.995771,136.838889,129.000988,138.898148,128.704444,965.847006,25.565925,8.059873,974.55882,242.0,493.0,184.0,885.0,240.0,108.0,489.0,502.0,267.0,1139.0,94.0,876.0,531.0,587.0,516.0,947.0,2.940216,0
2710,1930,144.47,107.99,158.25,131.71,3100.7891,29.1499,71.4675,2774.0059,6.0,7.0,2.0,3.0,7.0,0.0,4.0,3.0,5.0,23.0,2.0,4.0,11.0,10.0,12.0,1.0,5.945771,134.771235,107.251235,153.542346,122.06679,3407.353963,32.7454,121.199071,3104.025292,421.0,464.0,407.0,770.0,420.0,118.0,892.0,423.0,389.0,979.0,108.0,495.0,707.0,440.0,489.0,578.0,-3.697439,1
2710,2140,145.55,102.33,160.06,129.3,1162.3875,7.5411,19.1164,1121.77,4.0,3.0,4.0,12.0,5.0,1.0,23.0,8.0,1.0,6.0,1.0,4.0,12.0,2.0,10.0,4.0,3.535771,138.411235,105.69,157.306543,124.725185,3153.577923,34.623777,171.168871,2859.038798,413.0,431.0,421.0,944.0,438.0,111.0,945.0,517.0,376.0,678.0,113.0,451.0,799.0,403.0,493.0,567.0,-1.039044,1
2710,4330,147.41,130.76,139.56,139.0,15.4819,0.6624,0.2464,14.62,3.0,2.0,5.0,2.0,4.0,0.0,10.0,9.0,1.0,14.0,2.0,9.0,6.0,11.0,11.0,11.0,13.235771,143.944568,128.477901,141.907654,135.234074,591.302977,40.226796,7.004065,634.019036,241.0,293.0,235.0,592.0,440.0,125.0,1003.0,564.0,208.0,553.0,92.0,555.0,794.0,527.0,897.0,981.0,9.469845,0
2720,4370,154.13,133.47,144.22,145.86,22.8331,0.2691,0.7316,24.4604,2.0,4.0,0.0,2.0,6.0,1.0,3.0,2.0,7.0,31.0,4.0,2.0,4.0,16.0,1.0,15.0,20.095771,159.546667,131.975062,141.727037,151.563704,101.960415,2.036168,4.679195,104.9573,209.0,327.0,180.0,679.0,309.0,98.0,784.0,598.0,214.0,734.0,91.0,723.0,658.0,611.0,765.0,1120.0,25.799475,0
2730,4320,143.12,130.84,140.06,134.71,18.2456,0.3744,1.6164,19.5659,1.0,2.0,1.0,10.0,6.0,1.0,13.0,2.0,2.0,11.0,1.0,4.0,17.0,10.0,12.0,7.0,8.945771,143.748765,127.486914,142.921975,134.664568,519.651326,64.501928,12.928974,570.244399,266.0,315.0,264.0,682.0,412.0,133.0,922.0,577.0,216.0,540.0,94.0,559.0,823.0,505.0,876.0,916.0,8.900339,0
2740,4290,131.9,121.95,144.28,121.38,17.03,16.9075,6.6216,19.0556,7.0,2.0,3.0,6.0,5.0,2.0,6.0,5.0,4.0,2.0,3.0,4.0,16.0,8.0,11.0,16.0,-4.384229,122.89321,121.807901,143.079012,112.888148,908.256867,97.382851,19.142399,943.962551,291.0,270.0,291.0,608.0,527.0,124.0,1054.0,541.0,239.0,426.0,97.0,445.0,941.0,497.0,929.0,820.0,-12.876081,0
2750,4290,131.7,126.36,141.52,122.3,25.01,8.2504,1.9496,28.59,3.0,1.0,4.0,4.0,9.0,3.0,19.0,4.0,1.0,10.0,1.0,6.0,8.0,3.0,16.0,8.0,-3.464229,126.72963,122.905926,143.267407,116.860494,855.719986,99.523249,18.414913,896.865723,287.0,261.0,294.0,612.0,495.0,125.0,1125.0,560.0,233.0,419.0,107.0,443.0,898.0,494.0,904.0,843.0,-8.903735,0
2760,1150,166.26,105.02,161.57,151.31,773.7524,2.1196,12.8251,834.6939,7.0,5.0,2.0,2.0,5.0,0.0,20.0,3.0,6.0,29.0,0.0,3.0,1.0,2.0,8.0,7.0,25.545771,142.003457,107.091235,155.63679,128.982222,3223.757766,41.326615,169.928079,2877.136474,392.0,465.0,328.0,664.0,448.0,111.0,1102.0,398.0,398.0,1098.0,103.0,492.0,655.0,391.0,459.0,596.0,3.217993,1
2760,4340,162.67,134.32,144.76,154.85,39.3611,2.3376,0.7424,41.4675,3.0,8.0,2.0,17.0,2.0,0.0,5.0,5.0,2.0,21.0,1.0,14.0,0.0,4.0,4.0,12.0,29.085771,155.383951,132.2,142.498148,147.269012,142.38715,3.549136,4.971972,149.558126,202.0,291.0,203.0,677.0,367.0,123.0,873.0,568.0,222.0,598.0,100.0,672.0,776.0,608.0,819.0,1001.0,21.504784,0
2760,4350,149.13,135.56,143.86,141.15,6.2131,1.6464,0.6804,6.2875,2.0,5.0,2.0,10.0,1.0,0.0,6.0,9.0,2.0,13.0,1.0,14.0,5.0,10.0,9.0,11.0,15.385771,157.646914,132.285679,142.477037,149.589383,95.61533,2.717894,4.851448,100.084233,204.0,301.0,192.0,714.0,342.0,113.0,784.0,569.0,230.0,645.0,95.0,709.0,757.0,624.0,784.0,1037.0,23.825154,0
2760,4370,162.96,131.42,141.28,155.01,31.9184,1.5436,0.5616,31.9699,3.0,0.0,3.0,13.0,8.0,0.0,16.0,15.0,0.0,0.0,1.0,3.0,7.0,4.0,18.0,9.0,29.245771,155.638519,131.998148,141.79,147.631852,256.504393,4.38654,7.25306,260.22743,214.0,399.0,165.0,824.0,305.0,99.0,597.0,502.0,229.0,861.0,90.0,862.0,708.0,639.0,637.0,969.0,21.867623,0
2770,4290,137.12,130.32,139.4,128.62,19.5656,0.3776,0.24,19.6356,1.0,7.0,5.0,14.0,2.0,2.0,5.0,13.0,3.0,9.0,2.0,7.0,3.0,6.0,7.0,14.0,2.855771,133.155679,125.484938,143.365556,123.723333,727.283295,85.909773,11.963777,782.521357,268.0,268.0,264.0,621.0,479.0,121.0,1101.0,542.0,234.0,458.0,109.0,511.0,842.0,521.0,882.0,879.0,-2.040895,0
2770,4330,165.82,132.05,144.74,157.83,15.3476,1.1475,0.4724,16.3211,3.0,1.0,0.0,10.0,0.0,2.0,1.0,10.0,3.0,3.0,0.0,9.0,22.0,19.0,4.0,13.0,32.065771,153.894691,132.001975,142.787407,145.700988,172.428787,8.498268,5.232582,183.750839,209.0,298.0,210.0,663.0,384.0,115.0,867.0,560.0,208.0,573.0,103.0,673.0,818.0,597.0,832.0,990.0,19.936759,0
2770,4370,175.6,129.53,142.1,167.75,41.94,1.2491,1.19,43.2475,3.0,0.0,7.0,14.0,7.0,1.0,13.0,8.0,2.0,5.0,1.0,9.0,13.0,2.0,9.0,6.0,41.985771,154.727901,131.76642,141.945062,146.684321,308.554851,7.302971,7.118834,316.956767,212.0,413.0,174.0,867.0,288.0,88.0,581.0,491.0,224.0,883.0,87.0,897.0,712.0,616.0,609.0,958.0,20.920092,0
2770,4390,158.06,131.06,139.94,149.97,40.8164,0.2964,0.4164,42.8891,5.0,5.0,0.0,11.0,2.0,2.0,2.0,8.0,5.0,17.0,1.0,12.0,10.0,8.0,3.0,9.0,24.205771,141.008519,129.278519,140.64284,132.876914,1065.820545,31.812551,10.277745,1078.400282,228.0,493.0,181.0,930.0,269.0,99.0,530.0,467.0,258.0,1046.0,84.0,954.0,600.0,587.0,506.0,868.0,7.112685,0
2780,1690,54.54,117.04,136.37,49.18,798.6284,15.4184,37.0731,608.7076,5.0,1.0,10.0,5.0,6.0,3.0,26.0,6.0,1.0,5.0,3.0,4.0,4.0,4.0,6.0,11.0,-76.584229,128.928765,107.888272,154.061728,116.695926,3829.908876,53.364183,203.531498,3381.16149,398.0,397.0,406.0,720.0,449.0,94.0,1130.0,494.0,356.0,933.0,118.0,465.0,687.0,404.0,488.0,561.0,-9.068303,1
2780,4290,140.27,131.09,139.44,131.51,18.7371,0.8619,0.3664,17.1899,0.0,12.0,3.0,12.0,3.0,1.0,8.0,7.0,2.0,9.0,1.0,17.0,1.0,7.0,8.0,9.0,5.745771,135.760741,126.882222,143.142099,126.58,628.186459,68.964153,7.660425,685.397921,266.0,261.0,268.0,596.0,448.0,124.0,1072.0,545.0,242.0,493.0,106.0,523.0,837.0,538.0,876.0,905.0,0.815771,0
2780,4310,155.4,132.3,142.64,147.24,35.64,0.61,1.8304,36.6024,1.0,2.0,4.0,4.0,11.0,3.0,18.0,7.0,3.0,1.0,0.0,2.0,15.0,5.0,16.0,8.0,21.475771,147.896173,130.55642,142.994198,139.29963,226.491566,32.539903,6.946016,254.433309,245.0,293.0,248.0,637.0,376.0,111.0,922.0,536.0,242.0,589.0,109.0,620.0,787.0,586.0,846.0,953.0,13.535401,0
2780,4350,152.7,133.54,144.52,144.4,11.43,0.3284,1.3496,11.22,0.0,3.0,4.0,6.0,6.0,3.0,6.0,4.0,7.0,8.0,0.0,10.0,3.0,11.0,12.0,17.0,18.635771,159.51284,132.346173,142.812593,151.511235,109.030823,2.894732,3.996236,114.938269,216.0,314.0,204.0,766.0,333.0,102.0,817.0,564.0,230.0,641.0,96.0,741.0,760.0,573.0,753.0,990.0,25.747006,0
2790,4300,144.9,132.83,140.71,136.73,42.41,0.3811,3.2459,43.1971,1.0,4.0,1.0,4.0,8.0,0.0,33.0,8.0,2.0,1.0,0.0,5.0,4.0,4.0,13.0,12.0,10.965771,144.330988,130.041605,142.871728,135.700741,366.273781,33.734442,4.932312,401.585012,242.0,271.0,255.0,597.0,404.0,115.0,1012.0,527.0,246.0,603.0,102.0,583.0,809.0,550.0,837.0,947.0,9.936512,0
2790,4340,153.62,134.81,145.32,145.62,16.6356,1.0939,0.3776,17.2156,5.0,2.0,2.0,11.0,2.0,1.0,3.0,3.0,3.0,9.0,0.0,7.0,18.0,16.0,8.0,10.0,19.855771,159.103704,132.400247,143.053704,151.09679,150.749246,2.441531,4.055017,158.758039,221.0,306.0,209.0,708.0,350.0,114.0,839.0,551.0,236.0,619.0,95.0,677.0,834.0,575.0,763.0,1003.0,25.332561,0
2800,4280,147.7,131.34,140.1,139.61,50.59,0.3844,0.09,51.9779,1.0,4.0,3.0,10.0,2.0,0.0,4.0,8.0,7.0,18.0,0.0,4.0,15.0,11.0,5.0,8.0,13.845771,135.394198,127.215679,143.038642,126.195062,513.301769,62.089162,6.327272,567.346889,261.0,291.0,277.0,669.0,408.0,116.0,1063.0,545.0,244.0,571.0,103.0,549.0,746.0,492.0,833.0,932.0,0.430833,0
2800,4330,147.5,134.35,144.14,139.46,8.37,0.3475,0.3604,7.8884,2.0,5.0,3.0,11.0,1.0,0.0,4.0,5.0,3.0,10.0,1.0,16.0,7.0,15.0,4.0,13.0,13.695771,157.218395,132.381605,143.104074,149.154815,160.684032,2.485612,3.999662,168.86023,213.0,289.0,220.0,661.0,349.0,111.0,861.0,564.0,230.0,640.0,91.0,622.0,876.0,573.0,795.0,1005.0,23.390586,0
2800,4380,155.7,132.1,143.79,147.45,13.05,0.71,1.3259,14.3475,0.0,3.0,1.0,6.0,0.0,0.0,5.0,4.0,3.0,23.0,2.0,19.0,3.0,8.0,10.0,13.0,21.685771,146.936173,129.092346,141.981235,138.524321,752.497778,29.718386,11.518166,781.685705,241.0,475.0,214.0,1006.0,293.0,100.0,543.0,456.0,282.0,977.0,83.0,843.0,768.0,524.0,559.0,736.0,12.760092,0
2810,4290,140.85,133.05,141.85,132.7,83.9875,0.0475,1.3475,82.57,1.0,0.0,1.0,1.0,13.0,0.0,24.0,5.0,2.0,2.0,0.0,2.0,19.0,5.0,17.0,8.0,6.935771,142.603827,130.21642,142.704815,133.96284,301.938232,29.120446,5.693977,330.468372,220.0,275.0,245.0,583.0,369.0,103.0,1071.0,555.0,237.0,596.0,95.0,574.0,762.0,556.0,841.0,1018.0,8.198611,0
2810,4370,187.06,131.86,143.71,180.25,37.8364,0.5204,0.8459,43.7075,6.0,10.0,2.0,16.0,2.0,0.0,7.0,4.0,2.0,20.0,1.0,15.0,4.0,1.0,2.0,8.0,54.485771,151.220617,129.878519,142.482716,142.82642,461.289723,22.926477,7.996121,492.360487,229.0,438.0,191.0,918.0,306.0,95.0,563.0,442.0,275.0,937.0,80.0,793.0,854.0,583.0,581.0,815.0,17.062191,0
2820,4290,146.2,132.96,142.52,137.93,40.56,0.0384,1.3896,38.0651,1.0,0.0,4.0,10.0,6.0,1.0,27.0,9.0,2.0,1.0,0.0,1.0,7.0,1.0,20.0,10.0,12.165771,144.186173,130.94284,142.499753,135.667531,213.171019,19.335375,6.032222,231.626872,213.0,289.0,226.0,587.0,356.0,101.0,1063.0,541.0,239.0,629.0,88.0,592.0,732.0,577.0,834.0,1033.0,9.903302,0
2830,210,191.01,104.66,165.97,176.57,114.5699,0.7644,2.5691,134.5451,4.0,10.0,4.0,9.0,8.0,3.0,12.0,8.0,3.0,12.0,0.0,8.0,2.0,2.0,6.0,9.0,50.805771,120.389753,109.100123,150.708272,108.002222,2491.125253,36.548617,146.515759,2133.723452,368.0,446.0,321.0,578.0,449.0,106.0,1248.0,439.0,312.0,1179.0,96.0,497.0,568.0,428.0,512.0,553.0,-17.762007,1
2830,4250,133.39,128.88,142.28,124.32,37.1979,4.3656,2.3416,37.3176,2.0,2.0,1.0,1.0,8.0,2.0,18.0,2.0,5.0,1.0,0.0,3.0,15.0,8.0,21.0,11.0,-1.444229,130.585926,124.590617,142.764074,120.775679,405.591753,85.859566,16.554833,426.086347,284.0,294.0,274.0,678.0,424.0,108.0,1097.0,535.0,263.0,585.0,93.0,462.0,826.0,506.0,844.0,827.0,-4.98855,0
2830,4290,153.81,132.37,144.26,145.22,4.6139,0.2731,0.8324,3.9716,2.0,3.0,4.0,6.0,1.0,1.0,19.0,15.0,1.0,2.0,1.0,4.0,6.0,4.0,10.0,21.0,19.455771,145.241975,131.48679,142.232222,136.832716,151.76046,11.300443,6.118789,162.159053,208.0,292.0,213.0,576.0,349.0,102.0,1038.0,535.0,234.0,657.0,90.0,596.0,731.0,576.0,836.0,1067.0,11.068487,0
2830,4340,172.8,130.63,144.03,164.94,15.22,0.2931,0.6091,16.3364,3.0,4.0,5.0,7.0,3.0,2.0,7.0,5.0,10.0,6.0,2.0,5.0,11.0,5.0,12.0,13.0,39.175771,153.494198,131.929259,142.222099,145.420864,262.723547,2.856848,6.585363,271.315342,211.0,370.0,185.0,626.0,298.0,104.0,685.0,464.0,275.0,886.0,92.0,702.0,847.0,626.0,677.0,1052.0,19.656635,0
2830,4360,177.67,131.81,143.25,170.41,69.4611,1.5339,1.6675,74.2019,3.0,7.0,2.0,25.0,5.0,1.0,5.0,4.0,3.0,7.0,1.0,9.0,9.0,9.0,4.0,6.0,44.645771,149.138889,130.098395,142.093827,140.766296,433.030216,18.657355,6.942554,460.978346,228.0,408.0,179.0,795.0,301.0,102.0,581.0,424.0,295.0,973.0,89.0,737.0,870.0,622.0,611.0,885.0,15.002067,0
2840,1840,171.69,103.84,162.9,156.51,1001.5939,1.2744,10.71,1071.2299,7.0,2.0,5.0,8.0,5.0,1.0,12.0,7.0,6.0,23.0,1.0,7.0,1.0,3.0,4.0,8.0,30.745771,154.980123,106.446543,158.327284,141.563457,2938.53479,17.510105,116.851527,2829.519553,402.0,428.0,362.0,785.0,412.0,114.0,965.0,423.0,387.0,1013.0,122.0,478.0,760.0,453.0,485.0,511.0,15.799228,1
2840,4250,134.69,131.45,139.2,126.33,29.0139,1.0075,1.6,28.9611,4.0,6.0,1.0,6.0,4.0,0.0,23.0,6.0,3.0,10.0,2.0,5.0,4.0,5.0,9.0,12.0,0.565771,131.383457,125.824815,142.376173,121.842099,373.364072,79.925236,17.662568,389.220129,288.0,295.0,258.0,639.0,455.0,106.0,1046.0,536.0,257.0,584.0,90.0,468.0,822.0,521.0,862.0,873.0,-3.92213,0
2840,4280,144.04,132.98,143.71,135.76,40.8984,0.0996,3.2059,38.7024,3.0,2.0,7.0,2.0,3.0,0.0,29.0,9.0,2.0,1.0,0.0,2.0,8.0,0.0,24.0,8.0,9.995771,142.799136,130.910741,141.983333,134.254321,164.493604,19.357588,8.375648,177.32742,240.0,299.0,217.0,591.0,372.0,110.0,966.0,539.0,238.0,655.0,80.0,568.0,739.0,586.0,861.0,1039.0,8.490092,0
2840,4300,155.92,131.62,144.28,147.56,4.8336,0.3156,0.2016,5.3864,1.0,7.0,3.0,10.0,4.0,2.0,8.0,10.0,3.0,7.0,1.0,10.0,5.0,7.0,3.0,19.0,21.795771,148.593951,132.198025,141.940617,140.369506,97.094013,2.131157,5.691412,99.084082,191.0,300.0,206.0,538.0,337.0,104.0,934.0,532.0,228.0,709.0,79.0,624.0,743.0,624.0,843.0,1108.0,14.605277,0
2840,4340,165.88,130.3,142.87,157.78,34.2656,0.69,0.7331,36.0316,3.0,3.0,4.0,3.0,2.0,0.0,6.0,2.0,3.0,5.0,0.0,5.0,32.0,13.0,7.0,12.0,32.015771,150.228395,131.590741,141.694568,142.144074,375.156478,4.604729,7.859304,383.686527,223.0,388.0,181.0,634.0,289.0,108.0,659.0,446.0,272.0,949.0,93.0,729.0,814.0,627.0,660.0,1028.0,16.379845,0
2840,4370,144.6,132.33,140.66,136.5,44.28,2.3411,1.6444,46.41,1.0,1.0,6.0,16.0,3.0,6.0,5.0,4.0,1.0,22.0,0.0,9.0,4.0,5.0,5.0,12.0,10.735771,139.245926,127.696296,141.804691,130.569012,807.36594,38.804554,9.121114,849.652892,256.0,458.0,191.0,825.0,290.0,109.0,533.0,393.0,302.0,1039.0,96.0,758.0,845.0,601.0,570.0,834.0,4.804784,0
2850,3400,174.39,129.21,159.2,165.38,379.3179,2.2059,21.78,387.0956,3.0,4.0,7.0,20.0,9.0,0.0,14.0,8.0,3.0,6.0,1.0,5.0,6.0,3.0,7.0,4.0,39.615771,107.132469,114.909506,146.909753,96.224321,1761.973686,126.847243,95.148275,1457.83326,331.0,402.0,372.0,899.0,410.0,98.0,943.0,429.0,331.0,858.0,96.0,473.0,921.0,474.0,500.0,563.0,-29.539908,2
2850,4260,134.75,132.44,138.08,126.69,19.1275,0.3064,0.0736,19.1739,2.0,3.0,2.0,9.0,4.0,0.0,8.0,2.0,4.0,19.0,1.0,7.0,6.0,16.0,5.0,12.0,0.925771,136.171728,128.795062,141.85284,127.223333,255.802238,48.719729,13.70822,271.373949,268.0,295.0,232.0,593.0,423.0,107.0,1000.0,528.0,256.0,625.0,90.0,516.0,743.0,555.0,866.0,1003.0,1.459105,0
2850,4270,135.06,132.59,139.2,126.8,38.5164,0.2419,2.88,37.18,1.0,2.0,3.0,3.0,2.0,2.0,37.0,8.0,3.0,4.0,1.0,3.0,2.0,4.0,16.0,9.0,1.035771,140.094938,130.261728,141.738519,131.420247,178.314073,28.766313,11.441998,189.085615,255.0,291.0,223.0,558.0,391.0,105.0,995.0,536.0,233.0,647.0,85.0,545.0,721.0,576.0,884.0,1055.0,5.656018,0
2860,1540,42.79,121.62,132.12,40.07,220.5859,4.8156,3.2056,139.9251,3.0,3.0,5.0,7.0,8.0,3.0,17.0,3.0,2.0,2.0,2.0,5.0,14.0,2.0,14.0,10.0,-85.694229,115.429259,109.412963,151.589877,104.09358,3782.60549,48.200696,205.380935,3358.43149,383.0,384.0,405.0,684.0,444.0,106.0,1066.0,484.0,356.0,902.0,107.0,467.0,795.0,405.0,503.0,609.0,-21.670649,1
2860,4320,149.31,130.96,139.51,141.21,24.5339,0.5184,0.9899,25.4059,1.0,2.0,3.0,5.0,7.0,1.0,23.0,12.0,2.0,1.0,1.0,5.0,8.0,2.0,17.0,10.0,15.445771,147.102593,131.651975,140.824815,138.951605,250.969351,2.081224,8.570421,252.35667,223.0,356.0,175.0,604.0,287.0,90.0,699.0,484.0,263.0,935.0,73.0,723.0,676.0,655.0,688.0,1169.0,13.187376,0
2860,4330,153.55,130.71,138.82,145.31,2.2275,0.5859,0.6276,2.7539,2.0,7.0,1.0,11.0,3.0,2.0,3.0,5.0,1.0,7.0,2.0,9.0,5.0,10.0,5.0,27.0,19.545771,144.371481,131.253457,140.509383,136.246296,415.042619,5.140081,9.646208,415.651313,230.0,396.0,169.0,641.0,261.0,102.0,619.0,445.0,287.0,1028.0,76.0,775.0,673.0,638.0,611.0,1149.0,10.482067,0
2870,190,119.96,107.32,154.56,105.8,962.7584,6.4576,39.7064,872.3,7.0,4.0,3.0,4.0,12.0,2.0,6.0,2.0,6.0,13.0,0.0,4.0,5.0,8.0,12.0,12.0,-19.964229,127.086543,107.208765,153.186667,113.377654,1865.481523,26.474318,106.616514,1630.34318,357.0,451.0,312.0,623.0,428.0,119.0,1223.0,404.0,324.0,1196.0,92.0,517.0,625.0,408.0,502.0,519.0,-12.386574,1
2870,2810,205.4,123.96,164.23,197.14,206.96,6.9184,3.8771,251.2604,5.0,5.0,3.0,2.0,4.0,3.0,11.0,4.0,3.0,13.0,5.0,6.0,13.0,11.0,4.0,8.0,71.375771,170.221235,111.966543,159.233457,157.237037,795.832784,96.712091,53.428831,859.315665,417.0,458.0,364.0,844.0,436.0,122.0,748.0,467.0,401.0,755.0,128.0,552.0,885.0,463.0,485.0,575.0,31.472808,2
2870,2820,184.52,111.78,167.12,171.42,234.3496,53.4716,9.6056,308.5036,8.0,12.0,2.0,9.0,4.0,0.0,4.0,4.0,5.0,19.0,1.0,11.0,7.0,3.0,4.0,7.0,45.655771,165.855062,111.789877,158.179877,152.877407,1053.519981,94.73412,59.52678,1094.80707,425.0,460.0,361.0,839.0,431.0,120.0,757.0,471.0,408.0,772.0,130.0,546.0,867.0,463.0,488.0,562.0,27.113179,2
2870,4230,114.43,130.92,137.83,106.4,23.6651,0.8336,0.5411,23.02,3.0,3.0,4.0,5.0,9.0,1.0,11.0,3.0,2.0,1.0,1.0,5.0,18.0,9.0,14.0,11.0,-19.364229,121.330741,125.759012,140.353951,112.185926,448.249006,60.974024,15.180028,473.114814,302.0,328.0,259.0,587.0,452.0,106.0,1054.0,545.0,254.0,563.0,107.0,517.0,792.0,487.0,838.0,909.0,-13.578303,0
2880,80,51.22,119.13,131.81,46.28,126.4316,2.7931,1.7739,87.5216,4.0,11.0,5.0,5.0,6.0,0.0,18.0,6.0,4.0,7.0,0.0,14.0,2.0,6.0,4.0,8.0,-79.484229,100.626049,111.54716,146.006049,90.120741,2651.668679,49.144319,183.685025,2175.149372,351.0,415.0,249.0,489.0,412.0,89.0,1444.0,405.0,296.0,1340.0,73.0,489.0,512.0,419.0,509.0,608.0,-35.643488,1
2880,2090,172.96,99.8,165.53,156.0,759.4184,1.78,30.5491,811.58,5.0,4.0,8.0,13.0,5.0,2.0,15.0,12.0,2.0,11.0,0.0,9.0,4.0,3.0,3.0,4.0,30.235771,120.62,107.843704,152.661975,108.044568,3074.489921,46.144954,175.985492,2693.861347,378.0,435.0,413.0,772.0,448.0,111.0,919.0,440.0,383.0,954.0,124.0,465.0,765.0,433.0,476.0,584.0,-17.719661,1
2880,2810,185.55,117.49,166.69,174.4,865.2875,15.7499,9.2339,1001.32,3.0,5.0,1.0,10.0,6.0,1.0,6.0,0.0,7.0,16.0,2.0,6.0,16.0,7.0,6.0,8.0,48.635771,163.455432,112.907531,157.334444,150.751852,1066.952458,101.7654,75.875431,1085.133978,422.0,446.0,354.0,823.0,425.0,117.0,746.0,453.0,404.0,828.0,123.0,546.0,885.0,478.0,482.0,568.0,24.987623,2
2880,4230,120.79,131.37,138.24,112.68,64.3859,0.9731,0.8424,63.0976,5.0,2.0,3.0,5.0,10.0,2.0,15.0,6.0,3.0,1.0,2.0,4.0,14.0,5.0,11.0,12.0,-13.084229,123.624938,126.948025,139.630741,114.8,465.782045,43.817669,9.159574,489.091605,301.0,327.0,269.0,623.0,442.0,104.0,1087.0,597.0,228.0,507.0,113.0,517.0,741.0,460.0,835.0,949.0,-10.964229,0
2890,4250,134.71,130.9,138.47,126.44,51.9459,0.47,1.8091,49.4464,3.0,1.0,2.0,7.0,6.0,0.0,26.0,11.0,1.0,0.0,1.0,4.0,7.0,5.0,16.0,10.0,0.675771,137.028272,130.516173,139.293086,128.750741,288.08525,8.468504,4.056816,294.662191,259.0,298.0,248.0,618.0,390.0,116.0,1041.0,604.0,204.0,589.0,104.0,588.0,651.0,527.0,805.0,1058.0,2.986512,0
2890,4330,143.91,131.6,137.68,135.78,12.5219,0.5,0.2576,13.3516,2.0,10.0,1.0,18.0,2.0,1.0,0.0,2.0,3.0,13.0,0.0,16.0,7.0,8.0,2.0,15.0,10.015771,128.787531,129.880617,137.79284,120.925556,854.348561,13.183896,9.116838,816.981495,239.0,470.0,169.0,702.0,235.0,100.0,484.0,420.0,286.0,1156.0,71.0,933.0,536.0,678.0,523.0,1098.0,-4.838673,0
2910,370,78.03,111.67,141.22,67.35,142.2891,3.4811,11.9116,113.0675,6.0,6.0,6.0,6.0,7.0,1.0,20.0,7.0,1.0,8.0,2.0,5.0,4.0,6.0,7.0,8.0,-58.414229,112.58321,109.298889,149.042469,100.596543,2590.197891,42.878196,170.813752,2179.715988,348.0,481.0,380.0,645.0,388.0,106.0,1371.0,464.0,289.0,1095.0,78.0,555.0,448.0,368.0,496.0,588.0,-25.167686,1
2910,600,155.53,104.41,164.2,139.26,215.1891,3.0619,18.12,222.4324,8.0,3.0,3.0,5.0,6.0,1.0,19.0,4.0,4.0,15.0,1.0,3.0,8.0,4.0,9.0,7.0,13.495771,136.01963,107.368272,154.055185,122.650617,2414.299738,34.182771,132.417819,2096.637191,380.0,462.0,365.0,626.0,416.0,106.0,1247.0,430.0,337.0,1129.0,88.0,497.0,561.0,415.0,462.0,579.0,-3.113612,1
2910,4220,137.68,128.78,137.91,128.98,12.6176,0.9316,0.5419,12.2796,5.0,10.0,2.0,12.0,1.0,2.0,2.0,7.0,1.0,7.0,3.0,12.0,13.0,8.0,4.0,11.0,3.215771,129.10321,126.693827,139.84321,120.123827,513.188854,53.948974,13.681096,549.39121,260.0,312.0,297.0,708.0,469.0,105.0,1116.0,612.0,209.0,496.0,111.0,531.0,760.0,429.0,774.0,911.0,-5.640402,0
2910,4230,131.69,129.88,138.47,123.31,11.0739,0.2256,0.2491,10.7739,3.0,7.0,1.0,11.0,6.0,2.0,10.0,7.0,2.0,9.0,0.0,10.0,4.0,6.0,12.0,10.0,-2.454229,134.355309,128.680864,139.317901,125.788272,431.973509,28.175313,7.314618,452.537023,249.0,306.0,278.0,699.0,437.0,108.0,1056.0,629.0,205.0,524.0,110.0,587.0,700.0,451.0,783.0,978.0,0.024043,0
2910,4250,154.51,131.73,140.14,146.53,14.4699,0.3971,0.2804,14.7491,2.0,2.0,4.0,10.0,9.0,0.0,24.0,13.0,1.0,1.0,1.0,3.0,4.0,1.0,11.0,14.0,20.765771,142.120494,130.997654,138.957778,133.947407,220.370913,3.200365,3.286365,223.801185,229.0,294.0,248.0,715.0,376.0,117.0,971.0,623.0,191.0,604.0,105.0,650.0,638.0,496.0,748.0,1095.0,8.183179,0
2910,4270,152.41,131.91,140.18,144.4,17.1819,0.7019,0.5476,17.32,3.0,3.0,0.0,4.0,1.0,1.0,15.0,9.0,5.0,22.0,0.0,8.0,7.0,5.0,8.0,9.0,18.635771,145.969259,131.511975,138.883951,137.860247,126.409796,1.318252,4.069989,127.593802,217.0,297.0,213.0,677.0,328.0,107.0,908.0,604.0,182.0,718.0,93.0,720.0,571.0,546.0,743.0,1176.0,12.096018,0
2910,4290,141.62,131.51,137.28,133.52,13.1356,0.3299,0.5616,13.0096,1.0,4.0,4.0,10.0,4.0,2.0,24.0,10.0,2.0,6.0,0.0,5.0,5.0,5.0,6.0,12.0,7.755771,144.63642,131.524691,138.458519,136.558025,169.9746,1.399514,4.598897,167.910337,201.0,361.0,182.0,714.0,271.0,101.0,693.0,526.0,198.0,950.0,85.0,887.0,506.0,608.0,616.0,1201.0,10.793796,0
2910,4300,151.48,130.49,136.42,143.42,5.6896,0.4899,0.4036,5.8036,7.0,1.0,5.0,9.0,4.0,1.0,8.0,5.0,5.0,5.0,1.0,6.0,10.0,4.0,14.0,15.0,17.655771,140.499136,131.264074,138.003827,132.480247,335.638394,2.349895,5.773442,325.493807,208.0,398.0,172.0,728.0,255.0,107.0,573.0,481.0,217.0,1079.0,78.0,954.0,497.0,637.0,558.0,1158.0,6.716018,0
2920,1750,73.67,113.72,146.21,64.9,1203.3011,19.8816,102.0259,996.99,1.0,7.0,2.0,9.0,3.0,2.0,3.0,2.0,10.0,26.0,0.0,10.0,4.0,13.0,3.0,5.0,-60.864229,123.124568,109.189136,150.841605,111.585802,3740.855964,57.745215,164.387133,3231.346095,383.0,420.0,355.0,721.0,434.0,99.0,1048.0,450.0,378.0,980.0,110.0,506.0,715.0,451.0,481.0,569.0,-14.178426,1
2920,3330,146.06,122.5,163.91,134.61,773.7964,11.11,5.4019,797.7179,5.0,4.0,4.0,19.0,1.0,2.0,4.0,2.0,6.0,20.0,1.0,15.0,4.0,7.0,1.0,5.0,8.845771,107.052222,113.084815,147.599753,95.799136,1837.882828,90.94009,115.199802,1486.431876,354.0,370.0,406.0,824.0,460.0,94.0,988.0,492.0,346.0,747.0,109.0,461.0,871.0,421.0,550.0,607.0,-29.965093,2
2920,4260,154.79,131.25,139.94,146.65,6.2259,0.6075,0.5764,6.9075,0.0,6.0,3.0,11.0,1.0,0.0,5.0,14.0,0.0,9.0,3.0,12.0,8.0,6.0,6.0,16.0,20.885771,146.716049,131.281852,138.876296,138.610123,150.771224,1.46093,4.369883,152.922811,218.0,307.0,246.0,746.0,336.0,114.0,914.0,600.0,191.0,699.0,93.0,693.0,628.0,516.0,717.0,1082.0,12.845895,0
2920,4320,137.07,131.13,136.32,128.83,35.2851,0.7531,0.2176,34.4611,4.0,7.0,3.0,4.0,2.0,3.0,4.0,4.0,1.0,28.0,0.0,20.0,2.0,4.0,4.0,10.0,3.065771,122.098642,129.197778,136.424198,114.428025,1068.900517,18.934464,6.001291,1019.378153,255.0,482.0,178.0,792.0,238.0,108.0,466.0,412.0,278.0,1168.0,67.0,963.0,541.0,662.0,464.0,1026.0,-11.336204,0
2930,1840,167.82,103.15,162.75,151.83,408.6076,3.7675,39.5475,412.0011,3.0,9.0,7.0,18.0,9.0,1.0,15.0,7.0,2.0,5.0,1.0,4.0,8.0,1.0,7.0,3.0,26.065771,153.426173,104.853827,158.754691,138.915679,2228.456154,19.084559,118.028095,2120.587088,390.0,423.0,413.0,898.0,431.0,102.0,1072.0,492.0,325.0,838.0,117.0,446.0,714.0,398.0,527.0,514.0,13.15145,1
2930,3130,157.11,121.84,160.0,146.13,796.1779,35.6544,10.06,876.5931,7.0,5.0,3.0,22.0,3.0,4.0,1.0,3.0,7.0,10.0,3.0,11.0,10.0,5.0,0.0,6.0,20.365771,100.708765,113.459877,144.94,90.303827,2181.980491,86.506415,118.591956,1814.230775,339.0,397.0,343.0,847.0,442.0,131.0,703.0,429.0,403.0,852.0,119.0,505.0,962.0,501.0,522.0,605.0,-35.460402,2
2930,4210,142.04,130.0,138.03,133.67,9.2784,0.0,0.0291,9.4611,0.0,3.0,4.0,12.0,3.0,1.0,7.0,8.0,3.0,6.0,3.0,8.0,9.0,10.0,12.0,11.0,7.905771,132.868889,125.017654,141.32,123.34037,507.162563,81.153639,17.568711,578.343037,235.0,303.0,330.0,740.0,463.0,109.0,1156.0,639.0,212.0,514.0,98.0,512.0,777.0,405.0,797.0,810.0,-2.423858,0
2930,4220,137.18,130.0,138.45,128.57,22.6476,0.0,0.2475,23.3051,3.0,4.0,8.0,21.0,3.0,2.0,2.0,8.0,4.0,4.0,0.0,12.0,11.0,3.0,6.0,9.0,2.805771,137.883333,127.377284,140.443333,128.915802,424.433426,52.656916,12.172221,474.56575,227.0,317.0,306.0,731.0,420.0,109.0,1083.0,644.0,205.0,565.0,107.0,570.0,736.0,421.0,770.0,889.0,3.151574,0
2930,4260,153.99,131.4,139.4,145.99,6.5299,0.24,0.68,6.5299,2.0,2.0,0.0,9.0,2.0,2.0,0.0,5.0,1.0,22.0,2.0,16.0,2.0,15.0,1.0,19.0,20.225771,148.433704,131.147531,138.811605,140.328025,123.98437,1.278358,4.460804,126.430301,204.0,317.0,240.0,748.0,309.0,116.0,882.0,608.0,198.0,731.0,93.0,732.0,630.0,505.0,710.0,1077.0,14.563796,0
2930,4290,149.3,131.4,137.0,141.3,4.67,0.24,0.0,4.67,2.0,1.0,1.0,7.0,6.0,0.0,12.0,7.0,0.0,1.0,0.0,3.0,15.0,6.0,16.0,23.0,15.535771,142.070123,130.995309,137.808148,134.024074,316.847428,2.634299,4.720971,311.141519,197.0,425.0,193.0,788.0,226.0,104.0,611.0,505.0,215.0,1091.0,83.0,971.0,489.0,581.0,530.0,1091.0,8.259845,0
2940,1660,148.66,105.83,154.72,133.64,638.8844,1.6811,8.0216,682.2104,4.0,3.0,6.0,6.0,7.0,1.0,11.0,4.0,4.0,16.0,1.0,4.0,8.0,4.0,9.0,12.0,7.875771,137.602099,107.751728,154.741481,125.363086,3922.009946,54.641201,183.990205,3423.58286,377.0,405.0,364.0,749.0,412.0,100.0,1063.0,464.0,370.0,1046.0,106.0,476.0,704.0,414.0,479.0,571.0,-0.401142,1
2940,2810,180.77,130.31,152.2,172.95,409.5371,1.9139,3.9,457.4075,8.0,7.0,1.0,12.0,3.0,4.0,2.0,8.0,8.0,9.0,1.0,9.0,14.0,6.0,4.0,4.0,47.185771,141.452469,115.066173,150.195432,129.655926,1655.154654,123.291424,96.669584,1551.042724,397.0,459.0,347.0,926.0,375.0,110.0,674.0,435.0,423.0,950.0,107.0,539.0,909.0,477.0,456.0,516.0,3.891697,2
2940,2820,175.25,130.41,151.79,167.19,411.2075,0.9419,2.6659,451.7539,8.0,6.0,6.0,12.0,8.0,3.0,4.0,4.0,4.0,3.0,6.0,3.0,15.0,3.0,3.0,12.0,41.425771,131.570617,116.687037,147.919259,120.551235,1862.890939,112.741931,91.837185,1707.529597,401.0,464.0,341.0,907.0,375.0,114.0,641.0,428.0,421.0,911.0,109.0,540.0,947.0,494.0,472.0,535.0,-5.212994,2
2940,2830,153.91,130.59,147.89,145.53,702.8419,1.6019,18.3979,737.7291,3.0,7.0,7.0,14.0,7.0,1.0,7.0,4.0,3.0,11.0,1.0,7.0,5.0,7.0,10.0,6.0,19.765771,124.450123,118.15679,145.981605,114.138519,1912.389981,91.174429,74.206452,1752.150442,406.0,452.0,338.0,869.0,384.0,124.0,644.0,416.0,434.0,858.0,110.0,514.0,1005.0,505.0,486.0,555.0,-11.62571,2
2940,4210,139.93,131.0,137.0,131.93,8.2851,0.0,0.0,8.2851,3.0,3.0,2.0,9.0,6.0,5.0,4.0,9.0,3.0,5.0,2.0,8.0,10.0,9.0,10.0,12.0,6.165771,137.339259,125.836173,141.345556,127.944198,435.541693,74.363161,17.069357,508.065528,224.0,300.0,316.0,742.0,449.0,107.0,1127.0,617.0,210.0,565.0,91.0,536.0,777.0,425.0,785.0,829.0,2.179969,0
2940,4270,145.89,131.56,137.0,137.85,18.7779,0.2464,0.0,19.2075,2.0,2.0,2.0,17.0,2.0,1.0,5.0,5.0,4.0,16.0,2.0,15.0,7.0,5.0,3.0,12.0,12.085771,149.036543,131.112593,138.542099,140.951605,131.014961,1.10115,4.821067,132.791485,190.0,352.0,229.0,770.0,275.0,122.0,737.0,576.0,211.0,888.0,90.0,807.0,592.0,566.0,616.0,1079.0,15.187376,0
2940,4290,150.81,131.17,137.4,142.81,3.0939,0.1411,0.24,3.0939,3.0,2.0,2.0,7.0,4.0,1.0,12.0,4.0,1.0,7.0,0.0,10.0,10.0,5.0,5.0,27.0,17.045771,140.316667,130.701975,137.58,132.290247,419.157377,4.551181,4.485575,412.105263,186.0,449.0,202.0,825.0,224.0,110.0,554.0,489.0,225.0,1129.0,89.0,990.0,501.0,587.0,490.0,1050.0,6.526018,0
2950,780,63.29,117.86,134.22,56.56,258.0059,0.8204,2.7316,199.0664,7.0,6.0,3.0,7.0,7.0,1.0,8.0,5.0,5.0,9.0,0.0,4.0,16.0,8.0,9.0,5.0,-69.204229,105.762346,110.872963,147.864691,95.06716,3090.134261,55.28522,186.64342,2566.076971,346.0,448.0,352.0,634.0,444.0,93.0,1175.0,464.0,356.0,1053.0,85.0,470.0,638.0,438.0,516.0,588.0,-30.697068,1
2950,2830,176.89,128.22,151.59,168.71,612.9979,4.3316,8.7819,681.9659,7.0,4.0,1.0,15.0,5.0,2.0,12.0,7.0,6.0,5.0,2.0,3.0,15.0,2.0,8.0,6.0,42.945771,116.35963,118.68284,144.539383,106.544815,1968.854494,79.367928,67.132153,1810.243547,398.0,450.0,335.0,888.0,374.0,116.0,637.0,418.0,432.0,886.0,112.0,513.0,993.0,503.0,480.0,565.0,-19.219414,2
2950,2840,126.86,127.86,147.19,118.74,1899.8604,2.6804,26.9539,1850.1324,3.0,6.0,3.0,33.0,2.0,1.0,1.0,4.0,5.0,14.0,1.0,4.0,9.0,7.0,2.0,5.0,-7.024229,110.996296,119.469012,143.357531,101.494568,1720.096283,66.397929,46.443036,1591.448242,396.0,443.0,345.0,875.0,384.0,112.0,610.0,421.0,430.0,846.0,106.0,494.0,1045.0,509.0,497.0,587.0,-24.269661,2
2950,4200,143.36,129.84,137.5,135.02,15.8904,0.9344,0.61,16.5196,5.0,10.0,4.0,9.0,5.0,0.0,5.0,3.0,5.0,10.0,0.0,14.0,5.0,12.0,6.0,7.0,9.255771,135.143333,125.108889,141.558765,125.666173,546.498098,74.435798,15.882596,617.734979,229.0,284.0,314.0,740.0,453.0,112.0,1149.0,629.0,201.0,521.0,85.0,505.0,820.0,418.0,831.0,809.0,-0.098056,0
2950,4210,139.05,130.56,137.55,130.65,3.9075,0.4864,0.4675,4.0475,1.0,2.0,3.0,4.0,2.0,0.0,7.0,5.0,2.0,13.0,3.0,8.0,5.0,13.0,17.0,15.0,4.885771,140.972469,126.917407,141.169012,131.844074,401.287267,58.933302,14.49304,463.921243,221.0,304.0,297.0,746.0,432.0,105.0,1089.0,609.0,206.0,584.0,91.0,562.0,763.0,440.0,795.0,856.0,6.079845,0
2950,4290,153.58,130.56,137.0,145.57,9.2636,0.2464,0.4,9.3251,1.0,3.0,1.0,27.0,3.0,0.0,9.0,10.0,1.0,3.0,1.0,10.0,8.0,2.0,8.0,13.0,19.805771,137.905556,130.395185,137.452099,129.915556,568.089722,7.774076,4.601039,558.94077,197.0,473.0,199.0,837.0,224.0,113.0,498.0,473.0,245.0,1186.0,99.0,979.0,516.0,617.0,455.0,989.0,4.151327,0
2960,4190,142.78,128.98,138.98,133.82,7.7116,0.0996,0.1796,7.4876,3.0,3.0,4.0,6.0,6.0,3.0,6.0,9.0,3.0,4.0,2.0,5.0,11.0,7.0,11.0,17.0,8.055771,133.268642,125.501605,141.055802,123.957407,576.014992,62.350491,13.353182,632.261519,221.0,301.0,311.0,824.0,444.0,102.0,1053.0,626.0,209.0,549.0,86.0,530.0,868.0,402.0,773.0,801.0,-1.806821,0
2960,4220,153.45,133.55,137.44,145.59,47.1675,0.2475,4.6664,47.8419,0.0,1.0,3.0,4.0,3.0,1.0,28.0,6.0,1.0,0.0,0.0,0.0,17.0,3.0,25.0,8.0,19.825771,147.765556,129.461852,140.22358,139.275679,259.688122,20.918421,7.851864,285.671532,205.0,307.0,298.0,756.0,380.0,101.0,958.0,630.0,211.0,666.0,95.0,609.0,736.0,478.0,740.0,930.0,13.51145,0
2960,4270,144.42,129.98,137.5,136.31,14.8636,0.0196,0.29,15.2539,1.0,4.0,6.0,5.0,4.0,5.0,20.0,9.0,1.0,5.0,3.0,2.0,6.0,7.0,13.0,9.0,10.545771,147.671481,131.09679,138.42358,139.615556,236.07689,1.729891,5.552308,236.009733,204.0,385.0,224.0,775.0,257.0,120.0,610.0,526.0,240.0,1011.0,94.0,849.0,629.0,610.0,552.0,1014.0,13.851327,0
2960,4290,157.7,131.06,135.29,149.8,46.65,0.5164,0.9859,49.74,3.0,3.0,3.0,11.0,8.0,0.0,5.0,1.0,8.0,4.0,1.0,3.0,22.0,13.0,8.0,7.0,24.035771,134.838765,130.084074,137.338395,126.881358,712.844868,11.219722,4.557464,700.313455,212.0,488.0,201.0,847.0,222.0,118.0,466.0,455.0,251.0,1196.0,98.0,991.0,540.0,616.0,459.0,940.0,1.117129,0
2970,550,163.73,103.41,160.83,147.84,409.5971,1.0819,4.0211,441.3744,4.0,8.0,6.0,4.0,3.0,3.0,17.0,7.0,3.0,18.0,0.0,11.0,0.0,3.0,5.0,8.0,22.075771,135.322346,106.529877,153.768272,121.034691,1465.836711,17.571577,67.945191,1305.640401,359.0,458.0,359.0,624.0,427.0,93.0,1296.0,440.0,332.0,1188.0,84.0,512.0,526.0,394.0,463.0,545.0,-4.729537,1
2970,4220,158.28,132.02,139.35,150.35,14.6816,0.7796,1.8675,14.3475,1.0,1.0,1.0,5.0,3.0,1.0,19.0,14.0,0.0,1.0,1.0,2.0,10.0,2.0,18.0,21.0,24.585771,149.985062,130.073827,140.151852,141.644444,239.790765,12.398994,6.507805,258.941481,194.0,317.0,288.0,758.0,378.0,109.0,904.0,611.0,215.0,710.0,89.0,629.0,759.0,487.0,737.0,915.0,15.880216,0
2970,4250,154.53,131.92,139.73,146.53,22.8091,0.7936,2.2171,23.6491,4.0,5.0,3.0,5.0,2.0,5.0,5.0,6.0,4.0,16.0,2.0,12.0,8.0,8.0,8.0,7.0,20.765771,151.659506,131.211852,139.133951,143.575432,117.042336,1.361785,4.306625,120.121594,196.0,317.0,249.0,771.0,309.0,120.0,741.0,577.0,218.0,802.0,89.0,739.0,702.0,555.0,689.0,1026.0,17.811203,0
2970,4280,153.41,129.96,136.94,145.3,6.0819,0.1384,0.0564,6.15,2.0,4.0,3.0,16.0,0.0,2.0,4.0,11.0,2.0,2.0,0.0,20.0,4.0,8.0,5.0,17.0,19.535771,139.837654,130.61679,137.863827,131.843704,554.862656,7.202533,6.037877,548.835325,219.0,448.0,220.0,851.0,231.0,118.0,515.0,477.0,255.0,1138.0,82.0,908.0,648.0,596.0,495.0,899.0,6.079475,0
2980,4190,149.35,130.12,139.29,140.96,34.6675,0.6056,2.5859,35.3584,2.0,8.0,4.0,16.0,3.0,0.0,8.0,7.0,2.0,15.0,0.0,19.0,2.0,4.0,0.0,10.0,15.195771,139.222346,128.250864,140.617778,130.620494,626.925994,27.400277,8.920079,661.803136,208.0,326.0,285.0,848.0,426.0,102.0,974.0,592.0,212.0,575.0,88.0,587.0,888.0,407.0,771.0,811.0,4.856265,0
2980,4260,152.16,130.79,138.78,144.17,125.9344,0.9059,1.8516,128.6611,1.0,2.0,7.0,7.0,7.0,1.0,29.0,6.0,0.0,1.0,0.0,2.0,7.0,2.0,23.0,5.0,18.405771,148.468148,131.208025,138.751605,140.391481,211.164788,1.743022,5.632374,212.719211,215.0,374.0,217.0,805.0,270.0,115.0,631.0,521.0,235.0,1001.0,87.0,820.0,684.0,563.0,603.0,959.0,14.627253,0
2990,1570,141.53,105.37,155.04,126.2,537.8891,3.3731,17.0184,538.24,6.0,4.0,7.0,12.0,6.0,1.0,22.0,9.0,2.0,0.0,0.0,6.0,7.0,2.0,9.0,7.0,0.435771,140.015556,106.424321,156.504444,126.601111,3076.409881,39.422544,169.545783,2769.695085,363.0,395.0,435.0,789.0,426.0,112.0,1195.0,497.0,347.0,864.0,104.0,450.0,665.0,404.0,490.0,564.0,0.836882,1
2990,4270,172.84,129.96,141.41,165.03,35.7744,0.4184,0.9619,39.6491,7.0,6.0,2.0,9.0,4.0,1.0,1.0,4.0,8.0,7.0,0.0,6.0,15.0,17.0,5.0,8.0,39.265771,140.626914,130.602099,137.997037,132.60642,517.459078,5.139576,6.809621,509.157934,234.0,426.0,212.0,835.0,248.0,111.0,554.0,472.0,263.0,1172.0,91.0,852.0,668.0,595.0,527.0,840.0,6.842191,0
3000,2170,116.06,110.07,154.51,104.0,2636.7764,48.5851,102.3899,2275.2,7.0,5.0,1.0,5.0,3.0,1.0,9.0,3.0,8.0,16.0,1.0,3.0,18.0,10.0,2.0,8.0,-21.764229,141.310617,106.091852,157.107407,127.568025,2757.53364,29.21181,112.915377,2526.292533,387.0,423.0,384.0,753.0,424.0,103.0,958.0,446.0,389.0,950.0,122.0,450.0,790.0,482.0,502.0,537.0,1.803796,1
3000,4200,159.92,130.41,141.51,151.71,73.0536,0.8219,1.7299,77.0459,1.0,4.0,7.0,22.0,2.0,0.0,17.0,16.0,1.0,0.0,0.0,2.0,9.0,2.0,6.0,11.0,25.945771,148.810741,130.182593,140.69716,140.565062,434.747761,10.180364,8.055078,461.945767,213.0,327.0,277.0,798.0,372.0,108.0,823.0,600.0,221.0,669.0,79.0,603.0,914.0,454.0,783.0,859.0,14.800833,0
3000,4210,162.66,130.4,141.6,154.49,3.6644,0.24,0.24,3.7699,1.0,3.0,5.0,9.0,2.0,1.0,7.0,17.0,3.0,3.0,1.0,7.0,7.0,8.0,8.0,18.0,28.725771,152.194691,130.625926,140.551728,144.029259,312.189873,5.23192,8.480904,333.443959,211.0,325.0,266.0,770.0,358.0,106.0,866.0,587.0,221.0,719.0,85.0,627.0,861.0,451.0,786.0,861.0,18.26503,0
3000,4230,146.71,131.73,140.07,138.66,43.5659,0.6971,0.7651,44.0444,2.0,3.0,5.0,4.0,3.0,1.0,5.0,9.0,1.0,32.0,1.0,10.0,1.0,6.0,3.0,14.0,12.895771,154.617284,131.022469,140.023827,146.586296,241.929825,1.385915,8.357087,256.277615,197.0,360.0,262.0,820.0,314.0,107.0,758.0,585.0,208.0,867.0,87.0,716.0,726.0,478.0,716.0,899.0,20.822067,0
3000,4240,139.7,131.15,140.57,131.17,17.49,0.6475,3.3851,16.2211,8.0,5.0,3.0,10.0,1.0,1.0,4.0,6.0,7.0,12.0,0.0,7.0,11.0,10.0,2.0,13.0,5.405771,153.234444,131.055309,139.706914,145.210864,255.538986,1.394719,8.95089,269.265413,199.0,379.0,253.0,804.0,291.0,108.0,715.0,554.0,221.0,959.0,86.0,763.0,682.0,493.0,676.0,917.0,19.446635,0
3000,4280,147.26,133.19,138.37,139.28,74.4324,0.7539,0.4131,73.7616,3.0,11.0,3.0,16.0,0.0,1.0,1.0,3.0,3.0,23.0,0.0,22.0,1.0,2.0,2.0,9.0,13.515771,129.187284,129.180123,137.237531,121.307037,996.032949,17.990148,6.369258,971.930049,243.0,479.0,223.0,822.0,246.0,110.0,522.0,439.0,290.0,1239.0,87.0,855.0,671.0,578.0,508.0,788.0,-4.457192,0
3010,2260,98.76,111.54,151.0,86.88,1034.8224,14.7884,113.48,880.2056,4.0,7.0,3.0,6.0,3.0,2.0,4.0,2.0,10.0,22.0,2.0,4.0,17.0,4.0,5.0,5.0,-38.884229,132.063333,106.224691,156.407284,118.15,2417.486236,29.11865,123.189305,2171.508981,350.0,452.0,436.0,840.0,424.0,118.0,885.0,475.0,363.0,927.0,106.0,507.0,775.0,426.0,471.0,545.0,-7.614229,1
3010,4220,155.74,131.43,142.71,147.62,62.6124,1.1451,0.5059,65.0356,0.0,5.0,2.0,13.0,4.0,0.0,1.0,7.0,1.0,27.0,0.0,17.0,1.0,8.0,2.0,12.0,21.855771,154.910617,131.059753,140.193951,146.880247,240.64485,1.387294,9.081025,254.83356,199.0,336.0,245.0,793.0,350.0,95.0,843.0,571.0,209.0,782.0,86.0,661.0,788.0,455.0,770.0,917.0,21.116018,0
3020,4200,190.4,130.97,146.28,183.55,92.92,0.2091,0.8216,103.5475,3.0,3.0,7.0,13.0,5.0,1.0,5.0,3.0,4.0,3.0,1.0,6.0,17.0,6.0,11.0,12.0,57.785771,151.072099,130.941481,140.566296,142.979012,353.15974,2.17139,8.138938,370.33709,215.0,324.0,267.0,802.0,358.0,115.0,799.0,598.0,222.0,711.0,81.0,598.0,883.0,464.0,762.0,901.0,17.214784,0
3020,4230,138.75,130.73,140.97,130.35,30.6075,0.4571,2.4491,30.7475,4.0,5.0,1.0,8.0,0.0,3.0,1.0,8.0,2.0,29.0,1.0,22.0,1.0,5.0,0.0,10.0,4.585771,154.371605,131.119012,139.908889,146.360988,262.141169,1.271021,10.463304,275.516355,210.0,350.0,240.0,864.0,290.0,102.0,701.0,556.0,216.0,937.0,89.0,756.0,702.0,503.0,645.0,939.0,20.596759,0
3030,4200,192.6,132.34,145.85,186.35,281.74,1.7244,3.7675,317.4275,1.0,3.0,7.0,8.0,5.0,0.0,18.0,3.0,7.0,5.0,0.0,2.0,16.0,7.0,13.0,5.0,60.585771,151.090247,131.17963,140.653951,143.008395,334.963584,1.556746,8.23025,350.403386,230.0,323.0,264.0,761.0,332.0,111.0,748.0,586.0,238.0,716.0,82.0,597.0,935.0,493.0,764.0,920.0,17.244166,0
3030,4220,147.51,131.04,142.27,139.01,21.3299,1.2584,0.7771,22.4299,5.0,4.0,2.0,11.0,2.0,4.0,2.0,4.0,5.0,19.0,3.0,14.0,5.0,4.0,4.0,12.0,13.245771,154.485432,131.217654,140.237037,146.448025,241.975961,1.362133,10.134925,255.686064,220.0,352.0,233.0,800.0,307.0,98.0,729.0,539.0,230.0,830.0,85.0,691.0,830.0,494.0,709.0,953.0,20.683796,0
3040,590,120.74,107.28,148.61,106.4,487.5324,2.1216,5.8979,456.88,7.0,10.0,5.0,9.0,6.0,1.0,11.0,3.0,5.0,18.0,1.0,8.0,2.0,4.0,5.0,5.0,-19.364229,86.188889,111.679753,143.095185,76.05679,1549.964815,33.541393,78.770322,1206.453565,356.0,445.0,315.0,614.0,371.0,90.0,1130.0,407.0,346.0,1270.0,100.0,524.0,609.0,471.0,432.0,620.0,-49.707439,1
3040,2710,188.59,133.27,152.45,181.75,268.5419,1.6371,1.0875,304.6875,8.0,9.0,5.0,14.0,3.0,1.0,10.0,5.0,5.0,5.0,3.0,13.0,3.0,5.0,2.0,9.0,55.985771,146.631111,117.071235,150.443086,135.728395,2264.491575,165.663938,79.977378,2118.002033,367.0,429.0,382.0,925.0,420.0,126.0,783.0,452.0,412.0,930.0,115.0,527.0,750.0,477.0,463.0,542.0,9.964166,2
3040,2720,179.84,131.79,151.11,172.38,610.4344,1.4059,5.5979,666.2756,5.0,4.0,5.0,20.0,7.0,1.0,10.0,4.0,5.0,8.0,2.0,2.0,9.0,4.0,7.0,7.0,46.615771,138.777901,118.418889,148.911111,128.44321,2438.337462,147.887125,78.968148,2288.482824,371.0,440.0,380.0,904.0,406.0,126.0,748.0,433.0,416.0,942.0,118.0,538.0,758.0,485.0,467.0,568.0,2.678981,2
3040,3950,162.51,124.58,160.3,151.82,74.4899,12.3036,8.63,81.9876,3.0,2.0,11.0,23.0,6.0,0.0,13.0,10.0,3.0,4.0,1.0,3.0,3.0,2.0,7.0,9.0,26.055771,133.719753,107.244815,156.997407,118.991358,955.914795,52.660436,56.385055,855.187333,282.0,388.0,337.0,887.0,443.0,98.0,942.0,474.0,331.0,789.0,88.0,470.0,1069.0,426.0,565.0,511.0,-6.772871,2
3040,4170,126.48,129.78,139.01,117.93,27.9296,0.2516,0.3099,25.3451,4.0,2.0,3.0,6.0,6.0,3.0,14.0,7.0,2.0,3.0,0.0,2.0,11.0,7.0,18.0,12.0,-7.834229,138.484321,129.727407,141.659259,130.214198,789.620125,12.600261,12.305624,803.361403,246.0,325.0,279.0,830.0,407.0,115.0,807.0,553.0,253.0,603.0,88.0,530.0,1020.0,471.0,768.0,805.0,4.449969,0
3040,4190,160.67,132.02,141.62,152.66,5.9011,1.1396,0.9956,5.8244,4.0,1.0,0.0,7.0,2.0,2.0,8.0,11.0,5.0,1.0,3.0,8.0,17.0,8.0,15.0,8.0,26.895771,147.279506,131.151235,140.842346,139.173827,441.92879,1.935523,7.773787,457.930772,226.0,312.0,257.0,733.0,361.0,112.0,813.0,576.0,242.0,697.0,83.0,581.0,967.0,480.0,791.0,869.0,13.409598,0
3040,4210,182.8,132.42,146.9,175.89,430.82,1.6036,13.59,477.0779,1.0,10.0,3.0,14.0,2.0,1.0,1.0,4.0,3.0,35.0,0.0,17.0,1.0,2.0,3.0,3.0,50.125771,152.44358,131.322222,140.466049,144.372716,270.939903,1.38037,9.214279,285.642688,226.0,319.0,237.0,754.0,318.0,101.0,774.0,596.0,231.0,765.0,82.0,630.0,877.0,502.0,769.0,919.0,18.608487,0
3040,4260,153.06,130.81,137.46,145.06,74.8564,0.4139,0.2484,74.8564,1.0,14.0,1.0,25.0,1.0,0.0,0.0,1.0,1.0,26.0,1.0,19.0,1.0,2.0,0.0,7.0,19.295771,129.833457,129.379136,137.150247,121.821605,806.270165,18.098602,7.337796,792.809039,255.0,472.0,215.0,840.0,224.0,109.0,481.0,502.0,258.0,1264.0,98.0,929.0,522.0,546.0,488.0,897.0,-3.942624,0
3050,2710,200.92,132.38,154.09,194.58,71.8536,2.0956,2.8819,81.2036,5.0,7.0,6.0,13.0,4.0,4.0,4.0,6.0,6.0,6.0,3.0,10.0,8.0,5.0,8.0,5.0,68.815771,145.213333,119.175309,149.025309,134.98,2234.256958,136.839143,67.751335,2109.148242,364.0,457.0,370.0,961.0,408.0,122.0,705.0,449.0,419.0,886.0,114.0,539.0,787.0,492.0,470.0,557.0,9.215771,2
3050,2720,179.24,131.65,153.56,171.39,304.6424,2.1875,3.8464,334.3579,2.0,11.0,3.0,14.0,3.0,3.0,2.0,6.0,5.0,23.0,0.0,15.0,4.0,1.0,3.0,5.0,45.625771,136.537037,120.268889,147.573704,126.788025,2366.982209,115.033131,63.040123,2254.146301,366.0,465.0,373.0,947.0,393.0,126.0,688.0,434.0,418.0,895.0,117.0,548.0,786.0,499.0,473.0,572.0,1.023796,2
3050,2730,114.57,134.11,145.4,106.86,597.0651,2.0579,16.1,557.2204,4.0,11.0,3.0,30.0,1.0,0.0,0.0,1.0,2.0,16.0,0.0,15.0,6.0,6.0,0.0,5.0,-18.904229,128.153827,120.092222,146.868148,118.369136,2197.889177,108.830384,57.319405,2087.560282,366.0,466.0,375.0,1004.0,370.0,125.0,655.0,428.0,422.0,885.0,116.0,547.0,818.0,495.0,451.0,577.0,-7.395093,2
3050,3950,167.29,122.78,162.45,156.25,71.9259,12.7916,2.7875,84.6275,7.0,7.0,5.0,5.0,5.0,2.0,11.0,1.0,5.0,10.0,2.0,6.0,11.0,9.0,9.0,5.0,30.485771,133.561852,107.088272,157.265309,118.746173,935.442964,52.783443,54.364056,843.664954,277.0,363.0,323.0,843.0,442.0,97.0,906.0,450.0,351.0,848.0,96.0,453.0,1105.0,454.0,573.0,519.0,-7.018056,2
3050,4220,145.97,132.7,137.94,137.87,34.5691,1.43,1.3364,35.2731,1.0,4.0,2.0,12.0,1.0,0.0,14.0,11.0,1.0,16.0,1.0,9.0,3.0,2.0,10.0,13.0,12.105771,151.501975,131.377778,139.949753,143.459259,287.077897,1.377037,11.493154,300.410069,228.0,380.0,205.0,828.0,288.0,95.0,659.0,512.0,233.0,911.0,84.0,774.0,789.0,521.0,670.0,923.0,17.69503,0
3060,4160,127.96,129.68,139.1,119.21,9.8584,0.2176,0.17,9.3859,4.0,1.0,5.0,6.0,5.0,5.0,10.0,9.0,4.0,11.0,1.0,5.0,10.0,6.0,12.0,6.0,-6.554229,139.017284,128.904321,142.382469,130.412963,611.617232,22.388253,19.536927,613.539955,241.0,306.0,309.0,844.0,412.0,126.0,903.0,605.0,253.0,515.0,91.0,546.0,911.0,461.0,745.0,832.0,4.648734,0
3060,4220,153.08,131.4,139.11,144.99,22.2136,1.38,1.0779,21.5299,2.0,3.0,7.0,8.0,3.0,2.0,19.0,22.0,1.0,5.0,1.0,9.0,1.0,4.0,5.0,8.0,19.225771,149.556914,131.342222,139.777284,141.502099,316.733181,1.555723,11.810398,326.985798,238.0,396.0,199.0,829.0,278.0,91.0,638.0,498.0,247.0,959.0,78.0,801.0,770.0,538.0,631.0,909.0,15.73787,0
3070,4160,129.29,130.24,139.87,120.88,31.8059,1.0624,0.9931,31.4256,5.0,4.0,5.0,5.0,4.0,2.0,19.0,10.0,2.0,3.0,1.0,5.0,4.0,4.0,11.0,16.0,-4.884229,144.060864,128.992222,142.77284,135.458889,587.310493,22.264014,19.340744,602.311273,247.0,315.0,323.0,945.0,395.0,122.0,903.0,640.0,243.0,503.0,87.0,562.0,843.0,446.0,699.0,827.0,9.69466,0
3070,4230,158.32,130.56,139.2,150.23,4.1176,0.3664,0.3,4.4571,6.0,2.0,4.0,10.0,3.0,0.0,5.0,12.0,5.0,3.0,1.0,8.0,4.0,12.0,10.0,15.0,24.465771,142.086914,130.779877,138.892963,134.075679,592.704545,6.320558,11.939531,596.428964,243.0,440.0,213.0,875.0,232.0,96.0,514.0,481.0,277.0,1117.0,90.0,837.0,700.0,571.0,539.0,875.0,8.31145,0
3070,4250,142.91,130.84,136.45,134.79,18.7419,0.6544,0.8075,19.5859,3.0,7.0,1.0,19.0,2.0,1.0,1.0,3.0,2.0,14.0,1.0,17.0,5.0,7.0,3.0,14.0,9.025771,127.408025,129.121111,137.232963,119.55358,1063.502281,17.362246,11.908568,1045.085648,242.0,502.0,207.0,916.0,228.0,94.0,407.0,465.0,274.0,1301.0,89.0,936.0,583.0,560.0,466.0,830.0,-6.210649,0
3080,4140,135.55,127.92,143.43,126.42,41.2875,1.7936,0.5451,43.0836,2.0,2.0,6.0,22.0,3.0,3.0,6.0,12.0,1.0,4.0,2.0,7.0,5.0,5.0,8.0,12.0,0.655771,147.744568,125.724815,144.961235,138.489259,805.559569,56.123409,26.573312,830.227416,257.0,325.0,342.0,1065.0,400.0,116.0,983.0,649.0,213.0,473.0,81.0,547.0,831.0,365.0,690.0,763.0,12.72503,0
3080,4180,150.14,132.07,143.59,141.36,8.9004,0.2451,0.6019,7.4704,3.0,3.0,0.0,9.0,1.0,1.0,0.0,5.0,1.0,16.0,1.0,22.0,8.0,12.0,3.0,15.0,15.595771,149.411358,130.95679,141.770123,141.21963,417.109303,3.209738,8.022219,435.81559,218.0,325.0,282.0,913.0,334.0,113.0,875.0,644.0,219.0,632.0,82.0,633.0,843.0,434.0,715.0,838.0,15.455401,0
3080,4250,141.63,130.39,136.81,133.26,21.2331,0.7379,0.4739,22.0724,5.0,9.0,2.0,4.0,6.0,2.0,3.0,3.0,2.0,12.0,3.0,13.0,9.0,13.0,4.0,10.0,7.495771,122.808519,128.676296,137.011481,115.033704,1165.59136,20.137191,10.905671,1140.178,251.0,519.0,217.0,924.0,240.0,97.0,395.0,466.0,279.0,1230.0,91.0,928.0,617.0,569.0,470.0,807.0,-10.730525,0
3090,1760,196.17,98.82,180.27,178.92,572.4211,3.2676,8.8171,653.9936,8.0,5.0,1.0,1.0,2.0,1.0,21.0,4.0,6.0,19.0,0.0,3.0,13.0,5.0,4.0,7.0,53.155771,134.197654,107.344568,155.222222,121.388025,3388.209945,44.520409,181.643457,2983.019437,363.0,432.0,421.0,707.0,416.0,116.0,1041.0,476.0,356.0,1069.0,114.0,490.0,629.0,434.0,497.0,539.0,-4.376204,1
3090,4230,152.27,131.17,139.7,144.23,9.1571,0.3811,1.87,8.8571,5.0,6.0,1.0,14.0,2.0,0.0,2.0,5.0,1.0,17.0,0.0,13.0,7.0,7.0,1.0,19.0,18.465771,134.060864,130.037901,138.390988,126.020123,732.776172,12.213255,8.990215,723.713052,260.0,463.0,211.0,923.0,246.0,103.0,450.0,467.0,292.0,1091.0,90.0,853.0,708.0,591.0,490.0,862.0,0.255895,0
3090,4250,131.29,131.2,136.66,123.0,59.3059,1.6,1.6244,56.96,4.0,8.0,3.0,8.0,1.0,1.0,1.0,0.0,5.0,23.0,1.0,21.0,3.0,10.0,2.0,9.0,-2.764229,118.05284,128.107284,136.816049,110.32037,1205.637702,22.511823,9.959002,1173.067363,257.0,505.0,206.0,933.0,242.0,105.0,383.0,457.0,294.0,1188.0,94.0,916.0,658.0,592.0,462.0,808.0,-15.443858,0
3100,4170,162.41,131.23,144.11,154.3,14.4419,0.7571,0.5179,15.85,1.0,3.0,4.0,18.0,4.0,4.0,3.0,6.0,3.0,8.0,1.0,13.0,8.0,2.0,8.0,14.0,28.535771,157.306914,130.548272,143.137284,149.196667,520.686298,9.093102,13.533499,560.417248,215.0,358.0,266.0,1119.0,279.0,105.0,846.0,619.0,221.0,668.0,78.0,695.0,713.0,447.0,606.0,865.0,23.432438,0
3110,100,145.37,104.25,161.28,129.19,395.5131,2.7075,10.0416,407.2539,3.0,6.0,3.0,3.0,7.0,1.0,31.0,6.0,3.0,14.0,1.0,2.0,8.0,2.0,6.0,4.0,3.425771,112.528642,109.298519,151.189136,100.47642,2592.559797,56.299282,208.949413,2095.573642,353.0,410.0,321.0,503.0,419.0,112.0,1575.0,467.0,266.0,1169.0,77.0,526.0,420.0,345.0,507.0,630.0,-25.287809,1
3110,290,63.18,117.51,134.93,56.34,119.8876,1.4299,1.5851,91.7644,5.0,7.0,5.0,4.0,7.0,0.0,15.0,4.0,3.0,5.0,2.0,7.0,11.0,5.0,10.0,10.0,-69.424229,97.464815,112.382716,143.898642,87.130617,1990.647774,27.339701,81.549109,1638.395779,331.0,420.0,321.0,584.0,469.0,82.0,1203.0,389.0,312.0,1373.0,88.0,491.0,626.0,375.0,489.0,547.0,-38.633612,1
3110,630,136.4,105.19,157.41,120.6,156.44,0.8939,4.8619,153.6,4.0,7.0,6.0,16.0,3.0,0.0,3.0,5.0,6.0,9.0,1.0,8.0,9.0,6.0,5.0,12.0,-5.164229,135.770617,106.799383,154.676543,121.926543,2059.131087,28.678642,115.250684,1791.356209,384.0,422.0,356.0,563.0,412.0,87.0,1293.0,433.0,359.0,1174.0,84.0,479.0,571.0,455.0,463.0,565.0,-3.837686,1
3110,1710,195.76,103.12,171.38,180.67,125.2424,1.3256,6.5156,148.4811,8.0,5.0,5.0,5.0,2.0,2.0,10.0,9.0,6.0,16.0,0.0,6.0,5.0,7.0,4.0,10.0,54.905771,137.530617,106.648642,156.63679,124.350741,3290.661161,42.593091,167.988572,2910.672166,365.0,422.0,405.0,783.0,387.0,105.0,1067.0,478.0,348.0,1050.0,109.0,484.0,650.0,441.0,484.0,522.0,-1.413488,1
3110,4140,173.39,130.76,145.6,165.54,81.6579,0.4824,1.3,87.9284,3.0,3.0,8.0,32.0,3.0,3.0,14.0,9.0,0.0,1.0,1.0,3.0,5.0,3.0,4.0,8.0,39.775771,167.227901,127.559506,145.884938,158.691111,604.058431,50.130163,16.634662,677.587551,228.0,352.0,286.0,1179.0,325.0,96.0,844.0,576.0,202.0,600.0,70.0,604.0,922.0,416.0,629.0,771.0,32.926882,0
3110,4220,154.37,132.01,140.81,146.23,54.3131,1.9499,0.9739,56.4771,4.0,8.0,5.0,9.0,0.0,2.0,0.0,2.0,6.0,25.0,2.0,13.0,7.0,5.0,4.0,8.0,20.465771,133.947284,129.991358,138.96037,125.825556,671.841542,12.993752,6.911146,666.565742,263.0,463.0,223.0,961.0,239.0,91.0,425.0,484.0,296.0,1069.0,80.0,856.0,743.0,583.0,480.0,844.0,0.061327,0
3120,1240,147.59,105.17,160.16,132.08,682.1619,1.3611,10.5944,703.8736,8.0,5.0,3.0,2.0,2.0,0.0,17.0,3.0,4.0,20.0,1.0,3.0,7.0,10.0,7.0,8.0,6.315771,130.338148,107.535432,153.917654,117.372593,2848.406026,36.359856,148.778034,2502.514261,395.0,407.0,366.0,692.0,439.0,111.0,1253.0,507.0,337.0,995.0,78.0,492.0,617.0,362.0,485.0,564.0,-8.391636,1
3120,4200,161.51,130.78,139.78,153.39,32.5099,0.3116,0.4516,34.2379,2.0,4.0,4.0,18.0,1.0,0.0,7.0,7.0,1.0,3.0,0.0,7.0,28.0,4.0,8.0,6.0,27.625771,147.797037,131.016914,140.810123,139.739136,523.142016,3.577368,9.236786,534.579975,238.0,426.0,262.0,1185.0,230.0,95.0,578.0,598.0,249.0,960.0,80.0,799.0,625.0,491.0,465.0,819.0,13.974907,0
3120,4230,115.21,131.37,138.04,107.24,38.7459,0.8531,1.3584,36.0224,3.0,10.0,5.0,18.0,7.0,0.0,6.0,6.0,0.0,6.0,0.0,8.0,7.0,4.0,9.0,11.0,-18.524229,121.965802,128.08963,138.311975,113.95321,1072.381176,27.196164,6.020573,1058.238675,265.0,492.0,235.0,991.0,252.0,98.0,417.0,459.0,320.0,1138.0,83.0,845.0,694.0,585.0,456.0,770.0,-11.811019,0
3130,4120,194.73,129.86,145.98,187.83,19.9771,0.4804,0.4196,22.5811,0.0,4.0,0.0,7.0,5.0,0.0,6.0,6.0,3.0,10.0,0.0,4.0,30.0,6.0,10.0,9.0,62.065771,171.547407,125.514321,147.237531,162.62963,613.961333,83.07498,23.076172,695.442579,249.0,303.0,249.0,1018.0,355.0,94.0,816.0,480.0,253.0,678.0,78.0,475.0,1169.0,512.0,708.0,663.0,36.865401,0
3140,4120,177.2,129.23,146.02,169.37,131.82,1.2171,1.6396,143.1931,5.0,0.0,1.0,1.0,6.0,1.0,3.0,0.0,1.0,0.0,0.0,1.0,54.0,11.0,12.0,4.0,43.605771,171.851481,126.647778,146.64321,163.235062,584.925226,69.603223,22.616405,648.444746,256.0,295.0,244.0,930.0,359.0,93.0,781.0,473.0,263.0,712.0,80.0,505.0,1149.0,543.0,711.0,706.0,37.470833,0
3140,4190,158.35,131.49,139.76,150.35,38.3475,0.5299,1.1824,38.3475,3.0,1.0,3.0,13.0,0.0,1.0,9.0,5.0,4.0,1.0,2.0,3.0,31.0,5.0,13.0,6.0,24.585771,155.440617,131.00642,141.556049,147.611481,680.515116,3.022922,12.689328,710.901029,237.0,427.0,247.0,1170.0,234.0,85.0,512.0,497.0,252.0,1083.0,81.0,800.0,760.0,546.0,442.0,727.0,21.847253,0
3150,2270,104.14,107.09,150.36,90.32,600.8604,18.5019,37.2504,499.1176,3.0,3.0,8.0,16.0,4.0,1.0,20.0,8.0,2.0,4.0,0.0,8.0,8.0,4.0,4.0,7.0,-35.444229,113.166296,108.68963,151.175556,100.734321,2482.171728,47.478485,194.631896,2126.030155,319.0,401.0,477.0,908.0,440.0,112.0,1051.0,560.0,333.0,702.0,100.0,484.0,757.0,383.0,512.0,561.0,-25.029908,1
3150,4110,157.19,129.81,141.58,148.87,34.7139,0.8539,0.7636,37.0131,1.0,4.0,1.0,4.0,0.0,0.0,1.0,0.0,3.0,24.0,0.0,2.0,33.0,17.0,5.0,5.0,23.105771,166.164198,125.679506,146.392469,157.223951,763.320693,74.99679,24.815721,839.161698,265.0,260.0,238.0,733.0,412.0,88.0,858.0,442.0,261.0,646.0,77.0,453.0,1326.0,536.0,787.0,718.0,31.459722,0
3160,1610,92.37,108.34,147.88,79.87,764.3531,9.2244,21.1656,656.4931,2.0,3.0,8.0,1.0,9.0,1.0,25.0,5.0,3.0,8.0,2.0,2.0,10.0,3.0,6.0,12.0,-45.894229,120.138519,107.608395,153.475556,107.403704,2939.364022,39.053065,167.165946,2583.858011,355.0,421.0,367.0,730.0,391.0,111.0,1054.0,463.0,377.0,1097.0,111.0,476.0,723.0,420.0,440.0,564.0,-18.360525,1
3160,4160,200.4,133.82,146.08,194.85,24.02,1.2276,1.7936,28.3675,3.0,4.0,3.0,21.0,4.0,0.0,13.0,5.0,5.0,6.0,2.0,8.0,5.0,10.0,8.0,3.0,69.085771,169.19321,131.588025,143.36037,161.719012,559.171682,1.57361,15.511491,599.139564,224.0,352.0,200.0,942.0,294.0,79.0,618.0,442.0,257.0,899.0,88.0,659.0,1034.0,587.0,636.0,789.0,35.954784,0
3160,4210,143.51,132.36,140.39,135.35,58.5299,1.3704,0.9379,60.7275,7.0,4.0,4.0,5.0,4.0,0.0,21.0,10.0,3.0,9.0,1.0,5.0,7.0,8.0,6.0,6.0,9.585771,130.575185,128.089877,139.629877,122.292222,1029.52336,30.903527,8.722515,1054.534977,271.0,469.0,248.0,1076.0,250.0,95.0,413.0,464.0,308.0,1130.0,81.0,795.0,759.0,585.0,425.0,731.0,-3.472007,0
3170,100,187.9,105.69,156.96,174.14,210.61,4.3939,8.5584,215.8004,4.0,7.0,7.0,4.0,4.0,1.0,20.0,11.0,1.0,17.0,1.0,6.0,1.0,5.0,4.0,7.0,48.375771,153.334321,104.861358,157.799383,138.154074,1110.148229,17.42584,85.527037,1033.017249,350.0,467.0,350.0,558.0,378.0,99.0,1374.0,469.0,280.0,1374.0,75.0,542.0,387.0,355.0,449.0,593.0,12.389845,1
3170,4090,135.72,129.56,140.79,126.82,15.4016,0.4464,1.2059,15.5076,6.0,3.0,2.0,2.0,3.0,2.0,7.0,9.0,4.0,4.0,3.0,3.0,14.0,11.0,14.0,13.0,1.055771,141.318148,125.334198,142.976049,132.086667,871.622856,51.93609,23.850537,902.322365,268.0,252.0,230.0,548.0,454.0,96.0,938.0,466.0,272.0,705.0,78.0,431.0,1290.0,519.0,826.0,727.0,6.322438,0
3180,4100,134.05,129.76,140.34,125.5,16.6475,0.3024,1.3444,17.27,5.0,3.0,3.0,12.0,3.0,1.0,10.0,12.0,2.0,8.0,0.0,8.0,4.0,5.0,7.0,17.0,-0.264229,146.965679,127.485679,142.991975,138.09716,680.14302,42.503622,19.914627,730.449943,264.0,240.0,234.0,519.0,461.0,91.0,938.0,475.0,262.0,630.0,84.0,454.0,1214.0,533.0,869.0,832.0,12.332932,0
3190,4110,151.59,131.41,139.42,143.52,42.0019,0.3619,1.4636,42.5696,2.0,0.0,5.0,3.0,4.0,0.0,30.0,12.0,3.0,2.0,3.0,1.0,11.0,1.0,14.0,9.0,17.755771,150.644198,129.793951,142.082222,142.228889,451.576368,19.295198,14.826573,489.839462,261.0,256.0,215.0,540.0,411.0,95.0,821.0,493.0,273.0,714.0,88.0,498.0,1125.0,560.0,844.0,906.0,16.46466,0
3190,4120,163.44,132.31,143.54,155.43,16.7064,0.5139,1.3284,16.8851,2.0,1.0,2.0,0.0,2.0,3.0,21.0,9.0,1.0,6.0,0.0,3.0,12.0,6.0,17.0,15.0,29.665771,155.016296,130.834691,141.92358,146.892222,398.569858,7.588599,12.578234,432.984063,253.0,262.0,209.0,599.0,383.0,85.0,811.0,499.0,266.0,751.0,88.0,523.0,1036.0,604.0,812.0,919.0,21.127993,0
3190,4160,156.71,132.07,140.22,148.74,46.1259,0.7651,0.8116,46.4724,3.0,1.0,6.0,5.0,4.0,1.0,20.0,1.0,4.0,7.0,0.0,2.0,14.0,5.0,18.0,9.0,22.975771,155.861728,131.916296,141.123333,148.155185,651.177671,2.215957,15.297505,676.322708,233.0,373.0,197.0,784.0,290.0,87.0,492.0,416.0,300.0,1034.0,107.0,717.0,939.0,670.0,602.0,859.0,22.390956,0
3190,4170,161.57,130.86,140.58,153.56,5.9451,0.2804,0.4436,5.9664,2.0,4.0,1.0,9.0,3.0,2.0,5.0,9.0,1.0,12.0,3.0,12.0,5.0,9.0,0.0,23.0,27.795771,150.689506,131.394691,140.535679,142.986049,922.134087,7.332243,16.468727,948.830793,253.0,401.0,199.0,814.0,272.0,81.0,466.0,412.0,323.0,1074.0,105.0,731.0,906.0,695.0,530.0,838.0,17.221821,0
3200,190,190.02,101.57,172.07,173.88,147.5396,1.3451,3.1851,174.7056,4.0,5.0,3.0,6.0,6.0,0.0,32.0,4.0,3.0,15.0,0.0,3.0,0.0,6.0,8.0,5.0,48.115771,137.371852,105.845926,157.561481,123.163333,2281.761479,36.584903,169.718072,1962.211964,393.0,410.0,326.0,441.0,373.0,79.0,1465.0,447.0,292.0,1441.0,64.0,486.0,408.0,400.0,462.0,613.0,-2.600895,1
3200,1450,173.6,100.32,170.54,156.26,246.54,1.0176,7.0884,272.7324,2.0,3.0,5.0,17.0,7.0,2.0,17.0,9.0,3.0,7.0,1.0,10.0,2.0,2.0,5.0,8.0,30.495771,127.515309,107.200988,155.51679,114.621235,3322.478655,48.517135,211.043298,2894.909623,364.0,356.0,413.0,719.0,436.0,105.0,1079.0,493.0,348.0,981.0,102.0,453.0,738.0,454.0,499.0,560.0,-11.142994,1
3200,4100,143.82,130.11,139.25,135.11,35.4276,0.1979,0.6875,35.9379,1.0,0.0,2.0,3.0,11.0,1.0,30.0,13.0,2.0,0.0,0.0,1.0,9.0,2.0,17.0,8.0,9.345771,142.432099,129.281852,141.182346,133.828395,408.450328,22.121177,9.407614,436.76833,260.0,246.0,232.0,554.0,427.0,100.0,953.0,543.0,272.0,632.0,90.0,507.0,974.0,521.0,876.0,913.0,8.064166,0
3210,2570,137.8,131.17,152.89,128.79,699.56,7.8411,2.7379,726.5059,1.0,4.0,2.0,11.0,6.0,2.0,3.0,6.0,6.0,6.0,0.0,3.0,26.0,9.0,9.0,6.0,3.025771,145.605556,120.488642,151.707531,134.93037,1525.418364,130.712587,67.146931,1468.057374,313.0,386.0,341.0,882.0,393.0,112.0,845.0,435.0,411.0,908.0,106.0,462.0,1095.0,458.0,472.0,481.0,9.166142,2
3210,2580,165.48,132.42,150.44,157.35,344.6096,3.8836,5.0864,364.4875,2.0,3.0,3.0,8.0,5.0,2.0,7.0,4.0,9.0,7.0,1.0,3.0,25.0,11.0,7.0,3.0,31.585771,141.119259,120.192099,150.565432,130.690741,1889.72158,129.270259,79.736583,1778.050161,318.0,393.0,345.0,881.0,380.0,115.0,845.0,435.0,421.0,905.0,103.0,483.0,1041.0,464.0,464.0,507.0,4.926512,2
3210,4170,155.67,131.73,139.06,147.64,13.8811,0.3371,0.3364,14.3504,2.0,5.0,3.0,11.0,5.0,0.0,0.0,6.0,4.0,13.0,3.0,17.0,7.0,6.0,5.0,13.0,21.875771,138.130864,130.66321,138.862099,130.228395,874.521887,13.931017,9.278884,871.181663,266.0,421.0,192.0,677.0,272.0,94.0,474.0,404.0,334.0,1126.0,102.0,804.0,836.0,699.0,515.0,884.0,4.464166,0
3220,550,42.56,119.35,131.86,39.07,148.5664,2.9075,1.7804,99.3651,1.0,6.0,6.0,9.0,7.0,0.0,16.0,8.0,3.0,8.0,1.0,5.0,5.0,9.0,8.0,8.0,-86.694229,89.775062,111.650741,144.114198,79.360247,1616.976563,34.684561,99.472021,1277.71837,339.0,400.0,343.0,541.0,438.0,81.0,1287.0,466.0,304.0,1326.0,84.0,490.0,499.0,411.0,516.0,575.0,-46.403982,1
3220,2570,138.97,132.93,148.64,130.47,402.5691,2.0851,6.3304,398.9691,3.0,3.0,5.0,19.0,3.0,2.0,26.0,11.0,2.0,3.0,0.0,8.0,4.0,3.0,3.0,5.0,4.705771,137.995309,122.675185,149.842346,128.212346,1873.51578,108.145236,83.045392,1756.780094,319.0,376.0,328.0,862.0,377.0,119.0,762.0,429.0,445.0,909.0,107.0,476.0,1133.0,483.0,477.0,498.0,2.448117,2
3220,3150,139.05,127.03,147.82,129.69,232.0875,2.7091,4.5476,239.6139,5.0,1.0,6.0,17.0,11.0,4.0,12.0,4.0,1.0,0.0,1.0,4.0,15.0,0.0,12.0,7.0,3.925771,93.087654,114.194568,144.130988,83.24679,1848.321699,63.905353,102.390126,1499.66786,327.0,341.0,416.0,872.0,408.0,112.0,892.0,516.0,340.0,756.0,119.0,483.0,912.0,496.0,515.0,595.0,-42.517439,2
3220,3750,141.76,127.92,151.36,132.13,222.0024,4.6936,8.7704,224.5931,8.0,3.0,4.0,23.0,5.0,0.0,6.0,7.0,4.0,8.0,0.0,8.0,6.0,9.0,6.0,3.0,6.365771,97.583457,117.096667,145.424074,87.620988,979.931677,38.467569,58.919791,829.64993,307.0,409.0,327.0,931.0,401.0,97.0,799.0,441.0,332.0,789.0,97.0,518.0,1005.0,483.0,552.0,612.0,-38.143241,2
3220,4070,123.76,128.11,138.54,114.8,16.5424,0.6779,0.3684,16.14,3.0,4.0,6.0,9.0,6.0,3.0,7.0,3.0,0.0,1.0,1.0,6.0,11.0,5.0,13.0,22.0,-10.964229,125.779136,126.896296,139.926914,116.951605,539.747145,28.4969,3.899103,563.181855,300.0,254.0,301.0,632.0,461.0,114.0,1059.0,624.0,243.0,480.0,97.0,491.0,821.0,466.0,833.0,924.0,-8.812624,0
3230,2540,154.71,133.71,150.49,146.31,198.1059,2.0459,3.6499,211.3339,3.0,0.0,8.0,17.0,8.0,2.0,16.0,5.0,3.0,0.0,2.0,1.0,17.0,3.0,10.0,5.0,20.545771,139.082469,121.144691,150.867407,128.885309,1822.863569,100.709682,103.241432,1705.592895,323.0,392.0,342.0,763.0,414.0,126.0,852.0,422.0,411.0,916.0,113.0,483.0,1030.0,494.0,505.0,514.0,3.12108,2
3230,2550,166.92,132.79,155.46,158.34,148.5536,1.7859,3.3484,158.2244,5.0,4.0,4.0,8.0,5.0,1.0,18.0,10.0,3.0,4.0,2.0,4.0,9.0,4.0,8.0,11.0,32.575771,136.005926,123.103704,149.164321,126.51284,1981.941693,86.802826,93.332875,1851.333786,322.0,386.0,335.0,771.0,392.0,125.0,803.0,430.0,422.0,938.0,107.0,493.0,1056.0,506.0,509.0,505.0,0.748611,2
3230,2560,182.8,130.94,156.27,174.68,163.32,1.5764,1.8571,189.7776,7.0,3.0,6.0,19.0,7.0,0.0,11.0,9.0,4.0,6.0,0.0,6.0,9.0,5.0,3.0,5.0,48.915771,132.221605,124.340988,147.897778,123.160988,2033.94336,74.30669,87.324365,1906.348157,309.0,402.0,336.0,819.0,376.0,114.0,750.0,436.0,441.0,921.0,102.0,506.0,1097.0,494.0,491.0,506.0,-2.603241,2
3230,2570,167.44,130.27,156.77,158.38,144.2864,1.2771,2.9371,153.1356,2.0,6.0,3.0,16.0,4.0,1.0,21.0,10.0,6.0,5.0,1.0,7.0,5.0,4.0,3.0,6.0,32.615771,128.366173,124.78284,147.361481,119.494198,2059.455794,73.552965,94.702911,1922.532682,314.0,383.0,333.0,845.0,376.0,118.0,735.0,442.0,439.0,888.0,107.0,507.0,1123.0,480.0,486.0,524.0,-6.270031,2
3230,3160,144.3,121.76,155.08,133.35,503.93,20.6424,11.4336,539.4075,3.0,7.0,7.0,30.0,2.0,1.0,4.0,10.0,4.0,11.0,1.0,11.0,2.0,1.0,1.0,5.0,7.585771,95.349506,114.141605,144.951975,85.32321,1881.071796,71.709454,112.724978,1519.692572,324.0,352.0,425.0,936.0,391.0,124.0,881.0,535.0,323.0,753.0,114.0,504.0,900.0,466.0,485.0,587.0,-40.441019,2
3230,4100,160.2,131.52,142.8,152.2,9.62,0.5696,0.16,9.62,2.0,1.0,4.0,4.0,2.0,1.0,13.0,8.0,6.0,2.0,0.0,6.0,15.0,10.0,14.0,12.0,26.435771,143.276296,130.908272,139.661728,134.972963,217.312549,5.689487,4.046313,227.457911,231.0,257.0,245.0,582.0,381.0,108.0,967.0,583.0,234.0,634.0,100.0,625.0,754.0,549.0,826.0,1024.0,9.208734,0
3230,4130,143.12,132.25,138.93,134.77,20.8856,0.3475,0.5851,23.0171,4.0,7.0,0.0,5.0,1.0,2.0,4.0,9.0,4.0,17.0,1.0,12.0,3.0,14.0,6.0,11.0,9.005771,148.956914,131.940247,139.519506,140.86037,121.444193,1.352479,3.964187,123.824825,242.0,306.0,203.0,644.0,291.0,99.0,746.0,540.0,233.0,830.0,99.0,766.0,728.0,621.0,672.0,1080.0,15.096142,0
3230,4170,140.92,133.07,137.16,132.92,63.9336,0.5651,0.1344,63.9336,6.0,8.0,0.0,15.0,0.0,1.0,2.0,5.0,4.0,14.0,1.0,20.0,6.0,8.0,0.0,10.0,7.155771,126.835432,129.65642,137.704074,118.931975,963.305633,26.97936,4.624156,949.989817,275.0,442.0,207.0,781.0,260.0,100.0,502.0,451.0,316.0,1048.0,102.0,820.0,707.0,664.0,503.0,922.0,-6.832254,0
3240,2540,188.22,131.92,157.66,180.53,297.8716,3.5336,22.7044,325.6091,4.0,5.0,5.0,21.0,5.0,1.0,6.0,10.0,2.0,3.0,2.0,7.0,9.0,5.0,8.0,7.0,54.765771,130.618395,121.737778,149.47037,120.860617,2053.79302,95.629017,116.319739,1904.081684,318.0,369.0,347.0,750.0,402.0,120.0,786.0,428.0,428.0,926.0,125.0,493.0,1067.0,521.0,481.0,539.0,-4.903612,2
3240,2550,170.3,133.05,160.01,161.56,440.79,3.1475,3.8099,477.0064,6.0,6.0,3.0,13.0,5.0,0.0,8.0,7.0,3.0,18.0,2.0,10.0,4.0,8.0,4.0,3.0,35.795771,126.705062,124.037531,147.430494,117.804568,2190.943258,72.299085,101.880231,2040.507362,317.0,369.0,346.0,763.0,378.0,119.0,750.0,438.0,429.0,939.0,117.0,511.0,1082.0,520.0,487.0,535.0,-7.959661,2
3240,2560,162.66,134.53,156.48,154.25,730.8244,16.2691,8.7696,765.7875,3.0,1.0,5.0,4.0,7.0,2.0,8.0,3.0,5.0,4.0,0.0,3.0,31.0,6.0,13.0,5.0,28.485771,122.340247,125.563333,145.852346,113.958025,2130.68596,48.95389,90.002643,2002.685399,308.0,382.0,348.0,806.0,368.0,108.0,706.0,449.0,443.0,913.0,115.0,520.0,1113.0,510.0,478.0,533.0,-11.806204,2
3240,2570,175.27,129.27,160.36,165.98,176.1971,6.1171,3.3704,188.1396,4.0,6.0,2.0,8.0,7.0,3.0,3.0,3.0,7.0,14.0,1.0,6.0,17.0,8.0,1.0,10.0,40.215771,118.828148,126.283951,145.034198,110.680494,2024.347751,38.943816,89.695744,1903.483595,311.0,372.0,351.0,828.0,370.0,114.0,701.0,458.0,434.0,883.0,117.0,516.0,1132.0,480.0,483.0,550.0,-15.083735,2
3240,3160,165.47,112.64,163.26,151.9,190.8491,53.9304,11.6724,236.37,3.0,11.0,7.0,14.0,3.0,2.0,4.0,7.0,1.0,16.0,0.0,15.0,4.0,6.0,2.0,5.0,26.135771,98.32,114.987407,145.684444,88.31321,1869.906983,74.023051,115.376227,1524.831653,325.0,355.0,432.0,945.0,383.0,117.0,862.0,548.0,331.0,759.0,107.0,500.0,895.0,479.0,478.0,584.0,-37.451019,2
3240,4060,126.56,129.03,137.74,117.67,11.7464,0.1291,0.5524,11.3411,3.0,9.0,0.0,14.0,3.0,0.0,6.0,6.0,5.0,6.0,2.0,7.0,7.0,11.0,8.0,13.0,-8.094229,125.844815,126.986049,139.754815,116.958148,424.637522,25.50462,4.053711,448.305039,302.0,267.0,318.0,626.0,455.0,115.0,1074.0,625.0,241.0,444.0,92.0,467.0,836.0,468.0,865.0,905.0,-8.806081,0
3240,4090,154.64,132.1,141.81,146.58,10.5104,0.67,1.1939,10.5236,4.0,0.0,1.0,11.0,10.0,1.0,16.0,10.0,1.0,0.0,0.0,1.0,12.0,0.0,25.0,8.0,20.815771,140.514815,130.635062,139.432593,132.15679,218.911509,5.421388,3.720024,228.094676,241.0,264.0,264.0,594.0,370.0,115.0,961.0,598.0,231.0,619.0,103.0,601.0,732.0,524.0,825.0,1058.0,6.392561,0
3240,4110,150.34,132.44,141.01,142.24,32.5844,0.6264,2.3099,32.8024,4.0,5.0,3.0,12.0,1.0,4.0,0.0,2.0,3.0,20.0,1.0,10.0,8.0,8.0,6.0,13.0,16.475771,146.549877,131.532099,139.402593,138.370247,117.629241,2.049217,3.621746,121.758102,235.0,272.0,230.0,560.0,336.0,109.0,873.0,570.0,236.0,722.0,93.0,668.0,742.0,571.0,786.0,1097.0,12.606018,0
3250,2290,96.99,111.85,141.05,85.85,1187.1899,26.3475,39.5275,992.7475,3.0,3.0,9.0,17.0,2.0,0.0,28.0,6.0,4.0,7.0,1.0,7.0,2.0,1.0,3.0,7.0,-39.914229,108.386173,110.867778,148.666049,97.286049,2819.082969,38.440912,142.9486,2471.909904,315.0,374.0,400.0,796.0,392.0,106.0,900.0,502.0,390.0,1000.0,119.0,449.0,877.0,467.0,483.0,530.0,-28.478179,1
3250,4100,155.15,132.96,141.66,147.15,23.9675,0.5584,0.3844,23.9675,2.0,6.0,2.0,11.0,0.0,0.0,1.0,4.0,5.0,22.0,3.0,20.0,3.0,10.0,1.0,10.0,21.385771,144.381481,131.261975,139.260494,136.145432,137.422373,2.434826,3.785476,142.423294,225.0,269.0,243.0,582.0,340.0,109.0,884.0,554.0,232.0,699.0,95.0,663.0,717.0,577.0,809.0,1102.0,10.381203,0
3250,4160,142.07,131.66,138.7,133.83,63.4651,0.6644,0.89,64.4811,4.0,3.0,2.0,7.0,4.0,1.0,2.0,4.0,4.0,29.0,0.0,16.0,7.0,7.0,2.0,8.0,8.065771,127.073704,129.788889,137.558765,119.071111,763.391728,23.780864,3.021855,758.312721,268.0,427.0,218.0,789.0,231.0,103.0,459.0,448.0,300.0,1099.0,105.0,873.0,638.0,658.0,511.0,973.0,-6.693118,0
3260,1340,120.05,104.2,150.61,104.56,599.7475,6.78,8.6379,538.1064,6.0,8.0,8.0,10.0,1.0,0.0,21.0,9.0,3.0,6.0,2.0,7.0,2.0,4.0,2.0,11.0,-21.204229,115.400741,109.247037,150.703951,103.619259,3047.586074,45.842553,148.915071,2607.350592,377.0,407.0,382.0,652.0,411.0,96.0,1110.0,452.0,392.0,1024.0,102.0,480.0,687.0,482.0,468.0,578.0,-22.14497,1
3260,3410,162.98,129.92,158.09,153.41,59.0596,3.1136,3.9419,63.9819,6.0,6.0,5.0,9.0,7.0,1.0,7.0,7.0,4.0,11.0,0.0,7.0,17.0,2.0,5.0,6.0,27.645771,112.944938,122.310247,144.336296,103.310741,664.906351,37.913994,49.832831,609.494181,316.0,389.0,348.0,1014.0,359.0,107.0,736.0,464.0,361.0,805.0,115.0,523.0,1027.0,491.0,492.0,553.0,-22.453488,2
3260,3420,118.01,129.16,150.19,109.43,1141.4099,6.4344,39.0339,1053.1651,3.0,10.0,2.0,12.0,2.0,4.0,1.0,3.0,6.0,27.0,1.0,4.0,6.0,9.0,5.0,5.0,-16.334229,111.927654,122.749506,143.866543,102.494815,713.056001,34.795154,51.266016,648.568245,317.0,398.0,350.0,1039.0,366.0,107.0,759.0,472.0,358.0,777.0,115.0,532.0,987.0,467.0,498.0,558.0,-23.269414,2
3260,4050,123.82,127.2,138.87,114.79,42.4276,0.86,0.6131,42.1459,4.0,1.0,5.0,10.0,6.0,1.0,14.0,6.0,2.0,5.0,1.0,5.0,9.0,8.0,13.0,10.0,-10.974229,123.381481,126.605679,139.65679,114.508025,468.405336,28.47735,4.446651,492.04796,286.0,264.0,325.0,623.0,476.0,113.0,1099.0,583.0,236.0,407.0,94.0,440.0,868.0,460.0,907.0,919.0,-11.256204,0
3260,4170,123.2,131.51,138.3,115.07,42.84,1.1099,0.85,41.6451,4.0,6.0,3.0,9.0,4.0,1.0,3.0,6.0,4.0,14.0,1.0,6.0,15.0,7.0,9.0,8.0,-10.694229,114.387531,127.318519,137.331481,106.420988,1067.435375,43.060027,2.690737,1056.190918,297.0,458.0,232.0,825.0,250.0,104.0,466.0,468.0,301.0,1100.0,100.0,842.0,618.0,646.0,482.0,911.0,-19.343241,0
3270,4050,127.14,128.68,138.11,118.31,17.1604,0.7176,0.5379,17.3339,2.0,0.0,8.0,13.0,5.0,1.0,15.0,9.0,4.0,5.0,4.0,7.0,5.0,4.0,8.0,10.0,-7.454229,125.665802,127.314691,139.431605,116.898519,453.899547,26.455661,4.997915,476.613158,281.0,280.0,303.0,602.0,473.0,114.0,1063.0,572.0,241.0,481.0,96.0,455.0,848.0,477.0,890.0,924.0,-8.86571,0
3280,4040,123.25,129.23,135.77,114.63,32.1675,0.2771,0.5771,30.4931,6.0,3.0,5.0,7.0,5.0,0.0,10.0,10.0,4.0,5.0,0.0,6.0,13.0,7.0,5.0,14.0,-11.134229,120.212963,126.415926,139.209506,111.437284,540.27082,32.311327,5.078206,559.932486,285.0,274.0,305.0,611.0,471.0,124.0,1049.0,541.0,250.0,506.0,106.0,464.0,876.0,480.0,870.0,888.0,-14.326945,0
3280,4160,129.19,131.32,138.98,121.13,24.1939,0.3976,0.4996,24.3931,4.0,3.0,2.0,8.0,9.0,3.0,6.0,5.0,8.0,10.0,3.0,6.0,8.0,8.0,9.0,8.0,-4.634229,114.565926,127.274815,137.294938,106.559259,1001.997506,38.790403,3.218073,990.108957,285.0,450.0,218.0,795.0,249.0,107.0,448.0,435.0,318.0,1115.0,88.0,856.0,664.0,647.0,485.0,940.0,-19.20497,0
3290,2140,186.26,100.64,169.97,169.77,319.2124,1.0304,4.2291,369.8571,7.0,6.0,3.0,7.0,6.0,3.0,9.0,7.0,2.0,18.0,2.0,8.0,6.0,4.0,7.0,5.0,44.005771,129.480741,108.243704,156.357654,117.087654,3587.926666,45.509004,206.701096,3150.925897,361.0,407.0,358.0,778.0,408.0,119.0,920.0,469.0,385.0,921.0,122.0,488.0,866.0,473.0,521.0,504.0,-8.676574,1
3290,4040,124.82,128.92,136.62,116.1,23.0676,0.7136,0.9156,21.95,6.0,4.0,8.0,7.0,5.0,2.0,8.0,9.0,3.0,4.0,0.0,5.0,12.0,0.0,12.0,15.0,-9.664229,122.154815,127.052963,139.014815,113.462469,527.756279,30.177812,5.257064,546.561925,292.0,260.0,298.0,592.0,464.0,114.0,1060.0,540.0,246.0,521.0,102.0,469.0,866.0,496.0,888.0,892.0,-12.30176,0
3290,4050,129.96,130.62,136.0,121.53,12.2184,0.5556,0.0,12.0891,4.0,4.0,3.0,4.0,6.0,1.0,12.0,6.0,4.0,3.0,2.0,4.0,9.0,10.0,14.0,14.0,-4.234229,128.67642,128.41716,138.978395,120.075556,416.939617,21.980422,5.860891,436.015526,292.0,263.0,292.0,577.0,453.0,110.0,1012.0,529.0,239.0,570.0,92.0,500.0,837.0,518.0,875.0,941.0,-5.688673,0
3290,4060,141.05,131.98,137.6,132.87,64.0675,1.0596,2.32,62.4731,1.0,1.0,3.0,4.0,10.0,2.0,30.0,7.0,1.0,3.0,1.0,3.0,9.0,4.0,13.0,8.0,7.105771,134.221975,129.673086,138.777407,125.740988,274.438381,11.435103,5.476502,287.91069,279.0,281.0,285.0,573.0,421.0,112.0,940.0,522.0,242.0,629.0,95.0,548.0,814.0,545.0,850.0,964.0,-0.023241,0
3290,4070,153.78,130.72,141.81,145.39,15.2916,0.5616,0.2539,15.2179,0.0,2.0,5.0,6.0,6.0,1.0,18.0,12.0,4.0,2.0,1.0,4.0,10.0,5.0,14.0,10.0,19.625771,138.272716,130.529136,138.553704,129.924198,192.982293,5.193102,4.981437,200.983143,272.0,285.0,278.0,566.0,394.0,110.0,896.0,540.0,253.0,666.0,95.0,578.0,768.0,574.0,826.0,999.0,4.159969,0
3300,3780,130.67,128.08,149.53,121.08,123.5011,2.5336,2.9491,118.0536,5.0,5.0,13.0,16.0,1.0,2.0,13.0,11.0,1.0,3.0,1.0,8.0,3.0,4.0,3.0,11.0,-4.684229,80.957901,117.004321,142.937778,72.037037,501.509956,19.858376,14.90477,458.904554,311.0,411.0,321.0,933.0,400.0,115.0,730.0,515.0,334.0,709.0,115.0,561.0,859.0,541.0,577.0,668.0,-53.727192,2
3300,4110,146.48,130.29,137.63,138.38,30.4896,0.5059,0.3331,31.2556,0.0,2.0,3.0,6.0,7.0,2.0,20.0,7.0,3.0,3.0,1.0,2.0,13.0,5.0,16.0,10.0,12.615771,138.89284,131.203827,137.77358,130.775679,242.81148,3.03438,4.849228,240.624865,255.0,368.0,225.0,624.0,295.0,117.0,551.0,475.0,276.0,1018.0,98.0,774.0,675.0,655.0,632.0,1062.0,5.01145,0
3310,3460,150.44,130.78,156.86,140.68,68.7864,1.3916,6.1004,70.5976,1.0,4.0,4.0,5.0,13.0,1.0,16.0,12.0,2.0,1.0,0.0,4.0,8.0,3.0,14.0,12.0,14.915771,99.942716,119.86358,143.018642,90.475556,793.242398,41.714353,45.954838,708.625699,310.0,447.0,343.0,918.0,364.0,101.0,761.0,488.0,324.0,930.0,109.0,614.0,846.0,477.0,477.0,591.0,-35.288673,2
3310,3470,146.16,126.63,156.71,135.87,244.8944,21.1331,9.3459,266.1131,4.0,9.0,5.0,36.0,2.0,2.0,7.0,3.0,4.0,2.0,0.0,9.0,3.0,5.0,3.0,6.0,10.105771,95.972469,119.49037,142.577654,86.787407,920.710724,40.48571,51.398044,809.92073,305.0,436.0,335.0,922.0,361.0,104.0,761.0,482.0,335.0,932.0,101.0,605.0,852.0,476.0,477.0,616.0,-38.976821,2
3310,3780,143.03,129.35,153.55,133.26,84.7691,0.3075,0.9675,89.1324,5.0,6.0,3.0,10.0,7.0,1.0,17.0,8.0,4.0,7.0,2.0,4.0,6.0,7.0,7.0,6.0,7.495771,79.792469,116.980494,143.019506,70.985926,526.25903,19.793694,15.339126,478.84153,318.0,405.0,308.0,886.0,413.0,113.0,681.0,508.0,339.0,760.0,119.0,564.0,864.0,537.0,600.0,685.0,-54.778303,2
3310,3790,125.7,125.82,152.39,115.79,488.29,17.9676,2.7579,484.9059,5.0,11.0,4.0,29.0,2.0,0.0,2.0,5.0,4.0,12.0,0.0,12.0,2.0,3.0,2.0,7.0,-9.974229,79.130617,117.079136,142.831728,70.427778,541.221211,19.487935,16.680944,490.088735,318.0,409.0,302.0,861.0,408.0,102.0,713.0,501.0,333.0,818.0,117.0,586.0,810.0,527.0,605.0,690.0,-55.336451,2
3310,4030,125.18,129.97,135.74,117.16,76.0676,0.0491,0.2724,75.8344,4.0,5.0,0.0,3.0,6.0,0.0,17.0,4.0,8.0,12.0,1.0,3.0,8.0,9.0,12.0,8.0,-8.604229,119.33963,127.266914,138.400123,110.779877,515.563788,26.955177,5.036321,527.69636,285.0,273.0,299.0,579.0,450.0,116.0,1049.0,574.0,238.0,550.0,97.0,485.0,846.0,475.0,891.0,893.0,-14.984352,0
3310,4140,123.02,130.38,137.38,114.88,14.5396,0.3756,0.8956,13.5656,3.0,6.0,3.0,3.0,4.0,2.0,15.0,9.0,3.0,5.0,2.0,6.0,8.0,3.0,14.0,14.0,-10.884229,116.784938,127.658148,137.175432,108.663827,857.967823,39.421039,4.174532,856.529087,279.0,457.0,213.0,718.0,273.0,113.0,464.0,420.0,333.0,1138.0,93.0,795.0,648.0,659.0,536.0,961.0,-17.100402,0
3310,4150,118.06,130.65,135.5,109.95,117.1364,0.6475,3.29,104.7275,3.0,8.0,7.0,10.0,0.0,3.0,3.0,6.0,7.0,16.0,2.0,9.0,8.0,8.0,3.0,7.0,-15.814229,108.290741,126.152593,137.206296,100.298395,1016.147692,46.586098,4.305467,1000.151578,287.0,466.0,216.0,756.0,257.0,111.0,447.0,426.0,349.0,1156.0,90.0,809.0,654.0,639.0,514.0,923.0,-25.465834,0
3320,1460,195.41,103.94,163.15,181.32,362.2419,0.8564,13.3475,404.0776,6.0,7.0,3.0,7.0,7.0,2.0,9.0,5.0,5.0,12.0,1.0,10.0,9.0,5.0,3.0,9.0,55.555771,137.780864,106.774815,156.246296,124.362099,2859.904202,29.527316,140.621684,2595.179131,302.0,456.0,386.0,660.0,406.0,105.0,1131.0,406.0,382.0,1216.0,86.0,493.0,659.0,444.0,462.0,506.0,-1.40213,1
3320,1970,151.24,106.49,160.51,136.46,1230.9624,11.9699,22.1499,1253.7084,5.0,5.0,3.0,14.0,4.0,1.0,12.0,5.0,2.0,17.0,2.0,5.0,9.0,5.0,4.0,7.0,10.695771,119.812963,109.239506,152.821605,107.867407,3270.868104,54.577205,209.579657,2812.202913,345.0,407.0,357.0,700.0,401.0,102.0,963.0,453.0,406.0,1051.0,108.0,489.0,791.0,480.0,473.0,574.0,-17.896821,1
3320,3460,147.11,127.97,159.22,136.91,516.2779,9.8691,23.2516,515.4019,1.0,4.0,2.0,9.0,10.0,1.0,5.0,1.0,4.0,8.0,1.0,4.0,32.0,7.0,4.0,7.0,11.145771,97.702346,119.895309,142.397901,88.417654,775.438933,34.129534,38.974884,700.359762,304.0,460.0,363.0,975.0,360.0,102.0,759.0,505.0,313.0,894.0,104.0,602.0,828.0,445.0,485.0,601.0,-37.346574,2
3320,3470,141.13,126.9,160.63,130.6,563.8931,17.21,11.0131,578.24,3.0,9.0,0.0,6.0,1.0,0.0,3.0,2.0,7.0,38.0,1.0,10.0,8.0,3.0,2.0,7.0,4.835771,93.607284,119.666914,141.988272,84.64716,875.671083,31.541893,43.200974,779.179455,303.0,445.0,355.0,955.0,363.0,107.0,757.0,491.0,324.0,895.0,97.0,596.0,825.0,458.0,498.0,631.0,-41.117068,2
3320,4040,128.47,131.41,136.28,120.27,24.2491,0.5019,1.6816,22.8371,4.0,2.0,6.0,6.0,6.0,3.0,18.0,3.0,2.0,6.0,1.0,3.0,6.0,5.0,16.0,13.0,-5.494229,126.465556,129.154198,137.897531,118.100494,401.982641,14.644742,5.088019,409.540271,264.0,272.0,292.0,555.0,438.0,113.0,968.0,581.0,245.0,553.0,95.0,506.0,842.0,521.0,900.0,955.0,-7.663735,0
3320,4110,153.1,130.29,136.51,145.07,11.77,0.2859,1.1699,12.0251,5.0,4.0,1.0,5.0,4.0,0.0,6.0,6.0,7.0,7.0,1.0,6.0,18.0,12.0,5.0,13.0,19.305771,131.876173,130.810494,136.962716,123.836049,406.53763,6.63631,4.798857,397.112873,281.0,416.0,234.0,640.0,286.0,114.0,492.0,459.0,302.0,1086.0,100.0,773.0,648.0,649.0,584.0,1036.0,-1.928179,0
3320,4140,121.75,130.85,137.0,113.56,22.7075,1.0475,1.34,20.8664,4.0,3.0,4.0,6.0,6.0,1.0,8.0,3.0,2.0,9.0,1.0,5.0,19.0,6.0,14.0,9.0,-12.204229,111.492963,126.941358,137.005679,103.488395,968.953407,43.61545,4.599474,954.907149,287.0,474.0,217.0,727.0,267.0,111.0,450.0,432.0,339.0,1158.0,89.0,804.0,649.0,650.0,515.0,931.0,-22.275834,0
3330,4020,117.52,128.18,136.64,108.58,36.6496,0.1876,0.2304,36.2236,4.0,2.0,1.0,9.0,7.0,0.0,8.0,10.0,1.0,3.0,1.0,6.0,16.0,7.0,19.0,6.0,-17.184229,118.122469,126.860247,138.553457,109.39,419.185742,40.694049,11.926155,431.063579,258.0,288.0,276.0,588.0,440.0,121.0,1004.0,602.0,242.0,541.0,102.0,477.0,820.0,507.0,919.0,915.0,-16.374229,0
3330,4100,145.75,130.83,135.38,137.44,20.2075,0.5411,0.4756,20.0864,2.0,2.0,3.0,6.0,6.0,3.0,5.0,6.0,4.0,5.0,1.0,4.0,17.0,7.0,15.0,14.0,11.675771,133.662593,131.319383,136.783086,125.631975,295.810477,2.405772,4.921714,288.143447,272.0,406.0,238.0,650.0,310.0,115.0,514.0,475.0,288.0,1051.0,104.0,788.0,619.0,633.0,594.0,1043.0,-0.132254,0
3330,4130,121.32,132.51,136.26,113.3,36.5576,0.5899,0.3124,35.15,4.0,6.0,4.0,11.0,5.0,2.0,19.0,13.0,3.0,4.0,2.0,6.0,5.0,5.0,4.0,7.0,-12.464229,114.415062,127.958765,136.571975,106.461235,871.038094,35.647929,4.677659,855.428744,292.0,454.0,235.0,728.0,270.0,114.0,436.0,450.0,321.0,1093.0,97.0,807.0,641.0,639.0,538.0,985.0,-19.302994,0
3340,1510,84.03,111.06,143.74,72.86,342.1291,7.2164,11.7724,274.5804,3.0,2.0,12.0,19.0,5.0,1.0,17.0,11.0,1.0,8.0,1.0,5.0,2.0,2.0,3.0,8.0,-52.904229,117.654444,108.21037,152.495926,105.072222,2719.417258,35.009571,169.324057,2378.093673,302.0,406.0,406.0,713.0,457.0,112.0,1172.0,516.0,339.0,991.0,98.0,483.0,639.0,420.0,550.0,496.0,-20.692007,1
3340,4010,106.04,128.05,135.03,98.08,15.8584,0.9475,0.0291,14.7736,2.0,0.0,1.0,2.0,8.0,2.0,26.0,6.0,0.0,5.0,0.0,4.0,12.0,6.0,17.0,9.0,-27.684229,116.03358,124.511728,139.695926,106.58037,355.974675,87.198998,28.792354,373.250701,267.0,285.0,273.0,639.0,453.0,119.0,1030.0,618.0,232.0,528.0,102.0,475.0,820.0,470.0,905.0,884.0,-19.183858,0
3340,4020,117.6,128.17,136.38,108.81,24.22,0.2811,0.7956,22.9739,1.0,4.0,4.0,7.0,8.0,4.0,9.0,9.0,5.0,3.0,1.0,4.0,19.0,8.0,8.0,6.0,-16.954229,119.731975,127.62716,138.267778,111.128889,400.82162,34.061485,11.675085,407.936474,253.0,288.0,268.0,604.0,437.0,120.0,976.0,621.0,225.0,562.0,103.0,500.0,783.0,508.0,923.0,929.0,-14.63534,0
3340,4040,140.9,130.57,138.36,132.36,35.09,0.5651,1.1904,38.6104,3.0,1.0,2.0,3.0,6.0,0.0,36.0,9.0,3.0,3.0,1.0,1.0,8.0,3.0,13.0,8.0,6.595771,128.59321,130.123704,137.337037,120.353704,298.334398,5.560253,4.39085,299.069091,248.0,272.0,266.0,544.0,419.0,115.0,929.0,596.0,247.0,615.0,103.0,555.0,779.0,545.0,902.0,965.0,-5.410525,0
3340,4070,138.32,131.19,136.88,130.0,15.1976,0.5139,0.6656,17.2,5.0,4.0,0.0,4.0,1.0,1.0,2.0,4.0,5.0,17.0,4.0,8.0,12.0,13.0,6.0,14.0,4.235771,137.565185,131.309383,137.215185,129.371605,119.113405,1.470949,4.062708,119.534749,258.0,325.0,255.0,567.0,358.0,119.0,757.0,526.0,259.0,817.0,105.0,647.0,696.0,602.0,793.0,1016.0,3.607376,0
3350,4100,141.48,132.82,134.22,133.48,13.5096,0.1876,0.3716,13.5096,3.0,5.0,3.0,7.0,4.0,0.0,4.0,3.0,2.0,21.0,2.0,9.0,6.0,10.0,6.0,15.0,7.715771,126.562099,130.889753,135.933704,118.602099,410.14886,5.007722,4.262889,396.60081,285.0,438.0,229.0,680.0,307.0,122.0,494.0,434.0,299.0,1101.0,102.0,830.0,631.0,650.0,559.0,939.0,-7.16213,0
3360,4000,102.98,129.44,134.89,95.43,20.7596,0.6464,0.4979,16.3051,1.0,2.0,5.0,5.0,7.0,0.0,19.0,11.0,2.0,6.0,1.0,1.0,9.0,6.0,17.0,8.0,-30.334229,114.760617,123.361481,140.141975,104.910864,300.199856,114.341677,39.228979,324.601191,271.0,296.0,283.0,648.0,451.0,124.0,960.0,598.0,238.0,491.0,96.0,467.0,893.0,520.0,870.0,894.0,-20.853365,0
3360,4060,136.16,132.48,136.06,128.11,23.4944,0.5096,0.8964,23.1779,3.0,9.0,3.0,11.0,1.0,0.0,6.0,5.0,5.0,15.0,1.0,13.0,4.0,9.0,3.0,12.0,2.345771,134.485679,131.072346,136.875432,126.295185,152.599178,1.497235,4.402384,150.372248,271.0,320.0,253.0,570.0,371.0,123.0,739.0,520.0,278.0,736.0,92.0,661.0,754.0,632.0,805.0,975.0,0.530956,0
3360,4100,132.95,132.89,135.1,124.96,73.9475,0.1579,0.45,73.6984,3.0,8.0,1.0,8.0,2.0,1.0,1.0,2.0,5.0,24.0,0.0,11.0,4.0,18.0,1.0,11.0,-0.804229,122.250247,130.654815,135.444568,114.397778,482.691327,6.516156,4.03952,462.360044,302.0,444.0,220.0,714.0,304.0,122.0,486.0,420.0,314.0,1098.0,101.0,822.0,638.0,657.0,549.0,909.0,-11.366451,0
3370,1610,49.92,118.84,135.74,45.38,206.1136,2.8544,1.6124,141.0556,4.0,1.0,6.0,7.0,8.0,2.0,17.0,8.0,3.0,6.0,1.0,7.0,10.0,3.0,12.0,5.0,-80.384229,112.685309,109.088889,150.585062,100.258148,2146.718624,29.74716,127.929678,1879.837681,340.0,406.0,423.0,795.0,411.0,94.0,1055.0,478.0,377.0,989.0,95.0,485.0,670.0,446.0,472.0,564.0,-25.506081,1
3370,4000,110.89,129.52,134.73,103.02,27.8979,0.2496,0.1971,24.1596,4.0,9.0,1.0,6.0,6.0,1.0,10.0,6.0,4.0,1.0,2.0,5.0,15.0,3.0,16.0,11.0,-22.744229,115.92321,124.566667,139.464691,106.401358,310.244227,100.072222,35.187766,331.448171,275.0,300.0,272.0,630.0,446.0,113.0,947.0,594.0,243.0,543.0,87.0,473.0,875.0,524.0,876.0,902.0,-19.362871,0
3370,4010,112.08,129.52,134.88,104.06,7.1536,0.2496,0.1056,6.8764,3.0,1.0,2.0,8.0,7.0,3.0,8.0,14.0,3.0,3.0,1.0,7.0,4.0,6.0,16.0,14.0,-21.704229,120.06963,127.147037,138.269136,111.211481,329.739102,57.859738,21.262381,337.403547,282.0,305.0,259.0,623.0,419.0,115.0,930.0,591.0,242.0,572.0,88.0,517.0,806.0,537.0,874.0,940.0,-14.552747,0
3370,4040,144.85,130.92,140.6,136.51,8.3675,0.5936,0.36,8.3099,1.0,4.0,1.0,6.0,1.0,1.0,4.0,5.0,7.0,18.0,2.0,9.0,7.0,11.0,8.0,15.0,10.745771,130.161358,130.627531,136.754321,121.978025,199.367667,2.116946,4.586062,196.473097,269.0,318.0,261.0,563.0,395.0,110.0,845.0,564.0,269.0,640.0,85.0,606.0,770.0,595.0,843.0,967.0,-3.786204,0
3370,4060,133.11,132.13,135.22,125.13,32.7979,0.5131,0.8516,32.2931,0.0,6.0,1.0,14.0,3.0,2.0,1.0,3.0,6.0,23.0,0.0,12.0,5.0,14.0,0.0,10.0,-0.634229,132.899506,131.11284,136.653457,124.762469,178.76274,1.381341,4.537068,173.08827,272.0,341.0,244.0,572.0,354.0,125.0,703.0,516.0,288.0,803.0,93.0,674.0,734.0,638.0,766.0,977.0,-1.00176,0
3370,4100,123.29,132.12,136.47,115.24,40.2459,0.4656,0.7891,40.1424,3.0,6.0,2.0,16.0,2.0,3.0,4.0,3.0,4.0,16.0,0.0,17.0,6.0,4.0,2.0,12.0,-10.524229,117.626914,130.443951,134.962099,109.91716,543.167473,7.933031,3.719675,515.192027,290.0,456.0,231.0,716.0,301.0,129.0,474.0,424.0,329.0,1126.0,105.0,814.0,632.0,641.0,527.0,905.0,-15.847068,0
3380,3990,108.14,128.72,135.81,99.93,9.2804,0.4816,0.8539,7.6651,6.0,3.0,7.0,10.0,3.0,0.0,17.0,9.0,0.0,7.0,0.0,5.0,6.0,6.0,10.0,11.0,-25.834229,112.174568,123.052593,139.893704,102.314691,283.49965,123.158962,43.204627,312.286031,273.0,297.0,291.0,644.0,451.0,109.0,943.0,588.0,258.0,547.0,92.0,448.0,924.0,491.0,872.0,872.0,-23.449537,0
3380,4040,139.78,131.09,139.27,131.27,14.9316,0.5819,0.2971,14.6171,2.0,7.0,0.0,10.0,2.0,3.0,8.0,8.0,1.0,10.0,0.0,16.0,5.0,7.0,8.0,13.0,5.505771,129.97963,130.794321,136.508148,121.84037,188.490573,1.674239,4.516847,183.63242,262.0,339.0,276.0,591.0,385.0,123.0,804.0,562.0,288.0,689.0,81.0,630.0,757.0,576.0,794.0,943.0,-3.923858,0
3390,4010,123.67,130.74,135.78,115.4,44.8411,1.2924,0.4116,42.74,2.0,2.0,4.0,1.0,9.0,2.0,26.0,9.0,2.0,4.0,0.0,3.0,12.0,3.0,9.0,12.0,-10.364229,121.720864,128.678765,137.26679,113.228025,289.840231,39.812858,17.776601,291.398005,277.0,317.0,285.0,662.0,410.0,121.0,843.0,587.0,252.0,600.0,87.0,550.0,772.0,530.0,827.0,980.0,-12.536204,0
3390,4110,112.28,130.54,135.12,104.44,67.2616,0.5484,0.7856,60.7464,3.0,13.0,2.0,10.0,3.0,1.0,2.0,2.0,4.0,7.0,0.0,14.0,17.0,10.0,5.0,7.0,-21.324229,99.552222,128.174938,134.174938,92.380123,791.495421,24.948039,3.217421,743.227728,292.0,467.0,236.0,767.0,305.0,128.0,505.0,443.0,338.0,1127.0,98.0,803.0,605.0,602.0,507.0,877.0,-33.384105,0
3400,3990,103.09,128.4,134.92,95.36,17.2219,1.28,0.1336,15.1904,5.0,4.0,1.0,9.0,2.0,1.0,16.0,7.0,3.0,5.0,1.0,4.0,14.0,6.0,8.0,14.0,-30.404229,114.841728,125.750617,138.372593,105.707654,298.17495,89.337808,32.458459,319.480707,282.0,304.0,294.0,652.0,443.0,109.0,931.0,580.0,247.0,544.0,91.0,479.0,872.0,502.0,846.0,924.0,-20.056574,0
3400,4010,130.38,131.8,137.49,122.21,44.7756,0.5,1.2299,44.5659,4.0,3.0,8.0,7.0,10.0,0.0,16.0,11.0,0.0,0.0,1.0,2.0,10.0,0.0,18.0,10.0,-3.554229,122.61642,129.330741,136.763951,114.25963,256.542125,29.419129,15.067244,255.61716,285.0,328.0,275.0,661.0,403.0,122.0,843.0,568.0,249.0,616.0,84.0,572.0,768.0,546.0,813.0,967.0,-11.504599,0
3400,4020,141.4,131.37,139.7,133.19,10.04,0.5731,0.93,9.8539,1.0,1.0,4.0,15.0,6.0,1.0,3.0,9.0,4.0,5.0,1.0,5.0,15.0,2.0,12.0,16.0,7.425771,125.034691,130.473457,136.190123,116.932716,238.611266,6.497197,6.656446,234.517819,281.0,343.0,266.0,641.0,396.0,128.0,804.0,571.0,255.0,655.0,80.0,590.0,740.0,571.0,805.0,974.0,-8.831513,0
3400,4040,141.87,130.51,137.88,133.55,35.1531,0.5299,1.1856,35.7075,9.0,8.0,2.0,13.0,1.0,1.0,2.0,5.0,3.0,7.0,2.0,14.0,13.0,8.0,3.0,9.0,7.785771,128.856667,131.082593,136.005432,120.823333,198.143283,1.262685,5.671082,188.354344,276.0,365.0,266.0,631.0,361.0,127.0,729.0,546.0,287.0,776.0,84.0,673.0,699.0,593.0,741.0,946.0,-4.940895,0
